r0;Comuna;Fecha;DIA;Nuevos Confirmados;Nuevos Fallecidos;Nuevos Recuperados;Población
NA;Aguadulce;43988;2;0;0;0;47568
0;Aguadulce;43989;3;0;0;0;47568
0;Aguadulce;43990;4;0;0;0;47568
2,3;Aguadulce;43991;5;19;1;16;47568
2,3;Aguadulce;43992;6;0;0;0;47568
2,2;Aguadulce;43993;7;8;0;1;47568
2,2;Aguadulce;43994;8;0;0;0;47568
1,3;Aguadulce;43995;9;9;0;36;47568
1,3;Aguadulce;43996;10;7;0;0;47568
1,3;Aguadulce;43997;11;10;0;0;47568
1,3;Aguadulce;43998;12;1;0;0;47568
1,3;Aguadulce;43999;13;0;0;0;47568
1,3;Aguadulce;44000;14;10;0;0;47568
1,3;Aguadulce;44001;15;3;0;0;47568
1,3;Aguadulce;44002;16;4;0;1;47568
NA;Alanje;43988;2;0;0;0;16966
0;Alanje;43989;3;0;0;0;16966
0;Alanje;43990;4;0;0;0;16966
4;Alanje;43991;5;36;0;12;16966
4;Alanje;43992;6;0;0;0;16966
4;Alanje;43993;7;12;0;2;16966
4;Alanje;43994;8;0;0;0;16966
3,6;Alanje;43995;9;73;0;28;16966
3,6;Alanje;43996;10;13;0;0;16966
3,6;Alanje;43997;11;0;0;0;16966
3,5;Alanje;43998;12;15;0;0;16966
3,5;Alanje;43999;13;0;0;0;16966
3,4;Alanje;44000;14;30;0;0;16966
3,4;Alanje;44001;15;21;0;8;16966
3,3;Alanje;44002;16;28;0;0;16966
NA;Almirante;43988;2;0;0;0;29229
0;Almirante;43989;3;0;0;0;29229
0;Almirante;43990;4;0;0;0;29229
-1,8;Almirante;43991;5;7;0;0;29229
-1,4;Almirante;43992;6;0;0;0;29229
-2,5;Almirante;43993;7;15;0;0;29229
-2,2;Almirante;43994;8;0;0;0;29229
0,6;Almirante;43995;9;2;0;3;29229
0,7;Almirante;43996;10;0;0;0;29229
0,9;Almirante;43997;11;0;0;0;29229
0,9;Almirante;43998;12;0;0;0;29229
1;Almirante;43999;13;0;0;0;29229
0,9;Almirante;44000;14;7;0;0;29229
0,9;Almirante;44001;15;0;0;0;29229
0,8;Almirante;44002;16;7;0;0;29229
NA;Antón;43988;2;0;0;0;59470
0;Antón;43989;3;0;0;0;59470
0;Antón;43990;4;0;0;0;59470
3;Antón;43991;5;20;0;10;59470
3;Antón;43992;6;0;0;0;59470
2,9;Antón;43993;7;12;0;1;59470
2,9;Antón;43994;8;0;0;0;59470
2,4;Antón;43995;9;18;0;14;59470
2,4;Antón;43996;10;7;0;1;59470
2,3;Antón;43997;11;16;0;2;59470
2,3;Antón;43998;12;9;0;4;59470
2,4;Antón;43999;13;0;0;0;59470
2,2;Antón;44000;14;21;0;0;59470
2,2;Antón;44001;15;9;0;2;59470
2,1;Antón;44002;16;15;0;0;59470
NA;Arraiján;43988;2;0;0;0;288522
0;Arraiján;43989;3;0;0;0;288522
0;Arraiján;43990;4;0;0;0;288522
-0,5;Arraiján;43991;5;2;0;0;288522
-0,4;Arraiján;43992;6;0;0;0;288522
3,3;Arraiján;43993;7;4;1;2;288522
3,3;Arraiján;43994;8;0;0;0;288522
1,1;Arraiján;43995;9;2;0;12;288522
1,2;Arraiján;43996;10;0;0;0;288522
1,4;Arraiján;43997;11;13;0;5;288522
1,4;Arraiján;43998;12;2;0;0;288522
1,4;Arraiján;43999;13;0;0;0;288522
1,4;Arraiján;44000;14;3;0;0;288522
1,4;Arraiján;44001;15;6;0;2;288522
1,4;Arraiján;44002;16;3;0;0;288522
NA;Atalaya;43988;2;0;0;0;10798
0;Atalaya;43989;3;0;0;0;10798
0;Atalaya;43990;4;0;0;0;10798
-1,3;Atalaya;43991;5;5;0;0;10798
-1;Atalaya;43992;6;0;0;0;10798
-0,8;Atalaya;43993;7;0;0;0;10798
-0,7;Atalaya;43994;8;0;0;0;10798
1,4;Atalaya;43995;9;2;0;3;10798
1,3;Atalaya;43996;10;3;0;0;10798
1,3;Atalaya;43997;11;3;0;0;10798
1,3;Atalaya;43998;12;0;0;0;10798
1,3;Atalaya;43999;13;0;0;0;10798
1,4;Atalaya;44000;14;0;0;0;10798
1,4;Atalaya;44001;15;1;0;0;10798
1,4;Atalaya;44002;16;1;0;0;10798
NA;Balboa;43988;2;0;0;0;3153
0;Balboa;43989;3;0;0;0;3153
0;Balboa;43990;4;0;0;0;3153
-0,5;Balboa;43991;5;2;0;0;3153
-0,4;Balboa;43992;6;0;0;0;3153
2,3;Balboa;43993;7;3;0;2;3153
2,3;Balboa;43994;8;0;0;0;3153
1,1;Balboa;43995;9;0;1;7;3153
1,2;Balboa;43996;10;0;0;0;3153
1,2;Balboa;43997;11;0;0;0;3153
1,2;Balboa;43998;12;0;0;0;3153
1,2;Balboa;43999;13;0;0;0;3153
1,2;Balboa;44000;14;0;0;0;3153
1,2;Balboa;44001;15;2;0;3;3153
1,2;Balboa;44002;16;1;0;0;3153
NA;Barú;43988;2;0;0;0;56924
0;Barú;43989;3;0;0;0;56924
0;Barú;43990;4;0;0;0;56924
0;Barú;43991;5;0;0;0;56924
0;Barú;43992;6;0;0;0;56924
3;Barú;43993;7;2;0;1;56924
3;Barú;43994;8;0;0;0;56924
2,5;Barú;43995;9;1;0;1;56924
2,5;Barú;43996;10;0;0;0;56924
2,4;Barú;43997;11;1;0;0;56924
2,2;Barú;43998;12;2;0;0;56924
2,2;Barú;43999;13;0;0;0;56924
1,9;Barú;44000;14;4;0;0;56924
1,8;Barú;44001;15;2;0;0;56924
1,6;Barú;44002;16;3;0;0;56924
NA;Besiko;43988;2;0;0;0;30971
0;Besiko;43989;3;0;0;0;30971
0;Besiko;43990;4;0;0;0;30971
1,5;Besiko;43991;5;1;0;2;30971
1,5;Besiko;43992;6;0;0;0;30971
1,5;Besiko;43993;7;0;0;0;30971
1,5;Besiko;43994;8;0;0;0;30971
1,5;Besiko;43995;9;0;0;0;30971
1,5;Besiko;43996;10;0;0;0;30971
1,5;Besiko;43997;11;0;0;0;30971
1,5;Besiko;43998;12;0;0;0;30971
1,5;Besiko;43999;13;0;0;0;30971
7,6;Besiko;44000;14;36;1;5;30971
7,5;Besiko;44001;15;0;0;1;30971
7,5;Besiko;44002;16;0;0;0;30971
NA;Bocas del Toro;43988;2;0;0;0;21341
0;Bocas del Toro;43989;3;0;0;0;21341
0;Bocas del Toro;43990;4;0;0;0;21341
1,3;Bocas del Toro;43991;5;1;0;4;21341
1,3;Bocas del Toro;43992;6;0;0;0;21341
1;Bocas del Toro;43993;7;5;1;0;21341
1;Bocas del Toro;43994;8;0;0;0;21341
0,4;Bocas del Toro;43995;9;17;1;0;21341
0,3;Bocas del Toro;43996;10;6;0;0;21341
0,3;Bocas del Toro;43997;11;4;0;0;21341
-0,2;Bocas del Toro;43998;12;25;0;0;21341
-0,1;Bocas del Toro;43999;13;0;0;0;21341
0;Bocas del Toro;44000;14;2;0;0;21341
0;Bocas del Toro;44001;15;6;0;0;21341
0,1;Bocas del Toro;44002;16;0;0;0;21341
NA;Boquerón;43988;2;0;0;0;15811
0;Boquerón;43989;3;0;0;0;15811
0;Boquerón;43990;4;0;0;0;15811
7;Boquerón;43991;5;12;0;2;15811
7;Boquerón;43992;6;0;0;0;15811
6,6;Boquerón;43993;7;4;0;0;15811
6,7;Boquerón;43994;8;0;0;0;15811
6,7;Boquerón;43995;9;0;0;0;15811
1,8;Boquerón;43996;10;2;0;5;15811
1,7;Boquerón;43997;11;6;0;0;15811
1,9;Boquerón;43998;12;6;0;3;15811
1,9;Boquerón;43999;13;0;0;0;15811
1,6;Boquerón;44000;14;13;0;0;15811
1,7;Boquerón;44001;15;5;0;2;15811
1,7;Boquerón;44002;16;1;0;0;15811
NA;Boquete;43988;2;0;0;0;22732
0;Boquete;43989;3;0;0;0;22732
0;Boquete;43990;4;0;0;0;22732
9;Boquete;43991;5;23;1;3;22732
9;Boquete;43992;6;0;0;0;22732
8,3;Boquete;43993;7;11;0;2;22732
8,3;Boquete;43994;8;0;0;0;22732
1,3;Boquete;43995;9;9;0;23;22732
1,3;Boquete;43996;10;8;0;0;22732
1,3;Boquete;43997;11;7;0;0;22732
1,3;Boquete;43998;12;4;0;0;22732
1,3;Boquete;43999;13;0;0;0;22732
1,3;Boquete;44000;14;9;0;0;22732
1,3;Boquete;44001;15;11;0;12;22732
1,4;Boquete;44002;16;3;0;0;22732
NA;Bugaba;43988;2;0;0;0;60200
0;Bugaba;43989;3;0;0;0;60200
0;Bugaba;43990;4;0;0;0;60200
2,2;Bugaba;43991;5;73;2;64;60200
2,2;Bugaba;43992;6;0;0;0;60200
2,2;Bugaba;43993;7;46;1;31;60200
2,2;Bugaba;43994;8;0;0;0;60200
1,5;Bugaba;43995;9;40;4;115;60200
1,5;Bugaba;43996;10;24;0;3;60200
1,5;Bugaba;43997;11;16;0;'-3;60200
1,5;Bugaba;43998;12;25;0;3;60200
1,5;Bugaba;43999;13;0;0;0;60200
1,5;Bugaba;44000;14;45;3;1;60200
1,5;Bugaba;44001;15;37;0;27;60200
1,5;Bugaba;44002;16;24;0;'-1;60200
NA;Calobre;43988;2;0;0;0;11571
-1;Calobre;43989;3;2;0;0;11571
-0,7;Calobre;43990;4;0;0;0;11571
2,7;Calobre;43991;5;31;0;18;11571
2,7;Calobre;43992;6;0;0;0;11571
2,9;Calobre;43993;7;35;0;16;11571
2,9;Calobre;43994;8;0;0;0;11571
1,6;Calobre;43995;9;23;0;50;11571
1,6;Calobre;43996;10;12;1;0;11571
1,6;Calobre;43997;11;9;0;0;11571
1,5;Calobre;43998;12;21;0;1;11571
1,5;Calobre;43999;13;0;0;0;11571
1,4;Calobre;44000;14;49;0;0;11571
1,4;Calobre;44001;15;35;0;5;11571
1,4;Calobre;44002;16;28;0;0;11571
NA;Cañazas;43988;2;0;0;0;17138
0;Cañazas;43989;3;0;0;0;17138
0;Cañazas;43990;4;0;0;0;17138
14;Cañazas;43991;5;65;0;5;17138
14;Cañazas;43992;6;0;0;0;17138
14;Cañazas;43993;7;21;0;1;17138
14,1;Cañazas;43994;8;0;0;0;17138
1,9;Cañazas;43995;9;31;0;32;17138
1,9;Cañazas;43996;10;8;0;0;17138
1,9;Cañazas;43997;11;3;0;1;17138
1,9;Cañazas;43998;12;10;0;0;17138
2;Cañazas;43999;13;0;0;0;17138
1,9;Cañazas;44000;14;16;0;0;17138
1,7;Cañazas;44001;15;10;0;19;17138
1,7;Cañazas;44002;16;15;0;0;17138
NA;Capira;43988;2;0;0;0;44658
0;Capira;43989;3;0;0;0;44658
0;Capira;43990;4;0;0;0;44658
3;Capira;43991;5;14;0;7;44658
3;Capira;43992;6;0;0;0;44658
2,7;Capira;43993;7;16;0;10;44658
2,7;Capira;43994;8;0;0;0;44658
1,3;Capira;43995;9;15;0;46;44658
1,3;Capira;43996;10;2;0;0;44658
1,3;Capira;43997;11;11;0;0;44658
1,3;Capira;43998;12;1;0;0;44658
1,3;Capira;43999;13;0;0;0;44658
1,3;Capira;44000;14;9;0;1;44658
1,3;Capira;44001;15;2;0;5;44658
1,3;Capira;44002;16;9;1;2;44658
NA;Cémaco;43988;2;0;0;0;9411
0;Cémaco;43989;3;0;0;0;9411
0;Cémaco;43990;4;0;0;0;9411
2;Cémaco;43991;5;27;1;29;9411
2;Cémaco;43992;6;0;0;0;9411
2;Cémaco;43993;7;17;0;8;9411
2;Cémaco;43994;8;0;0;0;9411
1,4;Cémaco;43995;9;19;0;65;9411
1,4;Cémaco;43996;10;2;0;0;9411
1,3;Cémaco;43997;11;14;0;0;9411
1,3;Cémaco;43998;12;5;0;0;9411
1,3;Cémaco;43999;13;0;0;0;9411
1,3;Cémaco;44000;14;12;0;0;9411
1,3;Cémaco;44001;15;5;0;14;9411
1,3;Cémaco;44002;16;8;0;0;9411
NA;Chagres;43988;2;0;0;0;11172
0;Chagres;43989;3;0;0;0;11172
0;Chagres;43990;4;0;0;0;11172
7;Chagres;43991;5;41;1;7;11172
7;Chagres;43992;6;0;0;0;11172
7,6;Chagres;43993;7;35;1;3;11172
7,7;Chagres;43994;8;0;0;0;11172
1,7;Chagres;43995;9;30;0;41;11172
1,7;Chagres;43996;10;14;0;0;11172
1,6;Chagres;43997;11;15;0;1;11172
1,6;Chagres;43998;12;11;0;0;11172
1,7;Chagres;43999;13;0;0;0;11172
1,6;Chagres;44000;14;21;1;0;11172
1,6;Chagres;44001;15;19;1;11;11172
1,6;Chagres;44002;16;22;0;0;11172
NA;Chame;43988;2;0;0;0;29811
0;Chame;43989;3;0;0;0;29811
0;Chame;43990;4;0;0;0;29811
-2;Chame;43991;5;8;0;0;29811
-1,6;Chame;43992;6;0;0;0;29811
-1,3;Chame;43993;7;2;0;0;29811
-1,1;Chame;43994;8;0;0;0;29811
1,1;Chame;43995;9;2;0;4;29811
1,2;Chame;43996;10;2;0;1;29811
1,2;Chame;43997;11;0;0;0;29811
1;Chame;43998;12;9;0;0;29811
1;Chame;43999;13;0;0;0;29811
1;Chame;44000;14;2;0;0;29811
1;Chame;44001;15;2;0;1;29811
1,1;Chame;44002;16;0;0;0;29811
NA;Changuinola;43988;2;0;0;0;102334
0;Changuinola;43989;3;0;0;0;102334
0;Changuinola;43990;4;0;0;0;102334
5,7;Changuinola;43991;5;51;1;11;102334
5,7;Changuinola;43992;6;0;0;0;102334
5,1;Changuinola;43993;7;38;1;11;102334
5,1;Changuinola;43994;8;0;0;0;102334
2;Changuinola;43995;9;31;0;40;102334
2;Changuinola;43996;10;26;1;11;102334
1,9;Changuinola;43997;11;13;1;0;102334
1,9;Changuinola;43998;12;21;0;0;102334
1,9;Changuinola;43999;13;0;0;0;102334
1,9;Changuinola;44000;14;28;1;0;102334
1,9;Changuinola;44001;15;25;0;16;102334
1,7;Changuinola;44002;16;11;0;'-20;102334
NA;Chepigana;43988;2;0;0;0;15620
0;Chepigana;43989;3;0;0;0;15620
0;Chepigana;43990;4;0;0;0;15620
-0,3;Chepigana;43991;5;0;1;0;15620
-0,2;Chepigana;43992;6;0;0;0;15620
1,2;Chepigana;43993;7;1;0;5;15620
1,2;Chepigana;43994;8;0;0;0;15620
1,2;Chepigana;43995;9;0;0;0;15620
1,2;Chepigana;43996;10;0;0;0;15620
1,2;Chepigana;43997;11;0;0;0;15620
1,2;Chepigana;43998;12;0;0;0;15620
1,2;Chepigana;43999;13;0;0;0;15620
1,2;Chepigana;44000;14;1;0;0;15620
1,2;Chepigana;44001;15;0;0;0;15620
1,2;Chepigana;44002;16;0;0;0;15620
NA;Chepo;43988;2;0;0;0;56068
0;Chepo;43989;3;0;0;0;56068
0;Chepo;43990;4;0;0;0;56068
0;Chepo;43991;5;0;0;0;56068
0;Chepo;43992;6;0;0;0;56068
0;Chepo;43993;7;0;0;0;56068
0;Chepo;43994;8;0;0;0;56068
0;Chepo;43995;9;0;0;0;56068
0;Chepo;43996;10;0;0;0;56068
0;Chepo;43997;11;0;0;0;56068
0;Chepo;43998;12;0;0;0;56068
0;Chepo;43999;13;0;0;0;56068
0;Chepo;44000;14;0;0;0;56068
-0,1;Chepo;44001;15;2;0;0;56068
-0,1;Chepo;44002;16;0;0;0;56068
NA;Chimán;43988;2;0;0;0;3290
0;Chimán;43989;3;0;0;0;3290
0;Chimán;43990;4;0;0;0;3290
3,8;Chimán;43991;5;17;0;6;3290
3,8;Chimán;43992;6;0;0;0;3290
4;Chimán;43993;7;11;0;3;3290
4;Chimán;43994;8;0;0;0;3290
1,8;Chimán;43995;9;8;1;15;3290
1,8;Chimán;43996;10;4;0;0;3290
1,7;Chimán;43997;11;7;0;0;3290
1,7;Chimán;43998;12;3;0;0;3290
1,8;Chimán;43999;13;0;0;0;3290
1,7;Chimán;44000;14;7;0;0;3290
1,7;Chimán;44001;15;4;0;3;3290
1,7;Chimán;44002;16;7;0;0;3290
NA;Chiriquí Grande;43988;2;0;0;0;14565
0;Chiriquí Grande;43989;3;0;0;0;14565
0;Chiriquí Grande;43990;4;0;0;0;14565
0;Chiriquí Grande;43991;5;0;0;0;14565
0;Chiriquí Grande;43992;6;0;0;0;14565
0;Chiriquí Grande;43993;7;0;0;0;14565
0;Chiriquí Grande;43994;8;0;0;0;14565
0;Chiriquí Grande;43995;9;0;0;0;14565
0;Chiriquí Grande;43996;10;0;0;0;14565
0;Chiriquí Grande;43997;11;0;0;0;14565
0;Chiriquí Grande;43998;12;0;0;0;14565
0;Chiriquí Grande;43999;13;0;0;0;14565
0;Chiriquí Grande;44000;14;0;0;0;14565
0;Chiriquí Grande;44001;15;0;0;0;14565
0;Chiriquí Grande;44002;16;0;0;0;14565
NA;Chitré;43988;2;0;0;0;53394
0;Chitré;43989;3;0;0;0;53394
0;Chitré;43990;4;0;0;0;53394
0;Chitré;43991;5;0;0;0;53394
0;Chitré;43992;6;0;0;0;53394
0;Chitré;43993;7;0;0;0;53394
0;Chitré;43994;8;0;0;0;53394
0;Chitré;43995;9;0;0;0;53394
-0,1;Chitré;43996;10;1;0;0;53394
-0,1;Chitré;43997;11;1;0;0;53394
-0,1;Chitré;43998;12;0;0;0;53394
-0,1;Chitré;43999;13;0;0;0;53394
-0,2;Chitré;44000;14;2;0;0;53394
-0,2;Chitré;44001;15;0;0;0;53394
-0,2;Chitré;44002;16;0;0;0;53394
NA;Colón;43988;2;0;0;0;242977
0;Colón;43989;3;0;0;0;242977
0;Colón;43990;4;0;0;0;242977
5;Colón;43991;5;'-3;1;1;242977
5;Colón;43992;6;0;0;0;242977
4,1;Colón;43993;7;6;0;2;242977
4,2;Colón;43994;8;0;0;0;242977
1,8;Colón;43995;9;11;0;14;242977
1,6;Colón;43996;10;16;0;0;242977
1,6;Colón;43997;11;3;0;'-1;242977
1,6;Colón;43998;12;2;0;0;242977
1,6;Colón;43999;13;0;0;0;242977
1,8;Colón;44000;14;15;1;4;242977
1,8;Colón;44001;15;13;0;3;242977
1,8;Colón;44002;16;5;1;'-1;242977
NA;Comarca Kuna Yala;43988;2;0;0;0;40451
0;Comarca Kuna Yala;43989;3;0;0;0;40451
0;Comarca Kuna Yala;43990;4;0;0;0;40451
2,4;Comarca Kuna Yala;43991;5;14;1;11;40451
2,4;Comarca Kuna Yala;43992;6;0;0;0;40451
2,5;Comarca Kuna Yala;43993;7;12;0;5;40451
2,5;Comarca Kuna Yala;43994;8;0;0;0;40451
1,4;Comarca Kuna Yala;43995;9;16;0;41;40451
1,4;Comarca Kuna Yala;43996;10;6;1;0;40451
1,3;Comarca Kuna Yala;43997;11;13;1;0;40451
1,3;Comarca Kuna Yala;43998;12;11;0;1;40451
1,3;Comarca Kuna Yala;43999;13;0;0;0;40451
1,3;Comarca Kuna Yala;44000;14;17;0;0;40451
1,3;Comarca Kuna Yala;44001;15;16;0;6;40451
1,3;Comarca Kuna Yala;44002;16;13;0;0;40451
NA;David;43988;2;0;0;0;161845
0;David;43989;3;0;0;0;161845
0;David;43990;4;0;0;0;161845
-0,5;David;43991;5;2;0;0;161845
-0,4;David;43992;6;0;0;0;161845
5,6;David;43993;7;5;0;1;161845
5,7;David;43994;8;0;0;0;161845
5;David;43995;9;5;0;0;161845
5,1;David;43996;10;0;0;0;161845
5,2;David;43997;11;0;0;0;161845
5,2;David;43998;12;1;0;0;161845
5,3;David;43999;13;0;0;0;161845
5;David;44000;14;4;0;0;161845
5,1;David;44001;15;0;0;0;161845
3,6;David;44002;16;1;1;1;161845
NA;Dolega;43988;2;0;0;0;26105
0;Dolega;43989;3;0;0;0;26105
0;Dolega;43990;4;0;0;0;26105
2,3;Dolega;43991;5;4;0;3;26105
2,3;Dolega;43992;6;0;0;0;26105
0,4;Dolega;43993;7;29;0;0;26105
0,7;Dolega;43994;8;0;0;0;26105
0;Dolega;43995;9;21;0;0;26105
-0,9;Dolega;43996;10;27;0;0;26105
-0,6;Dolega;43997;11;3;0;0;26105
-0,5;Dolega;43998;12;5;0;0;26105
-0,2;Dolega;43999;13;0;0;0;26105
-0,9;Dolega;44000;14;30;1;0;26105
-0,7;Dolega;44001;15;1;1;0;26105
-0,5;Dolega;44002;16;3;0;0;26105
NA;Donoso;43988;2;0;0;0;11998
0;Donoso;43989;3;0;0;0;11998
0;Donoso;43990;4;0;0;0;11998
1,3;Donoso;43991;5;2;0;7;11998
1,3;Donoso;43992;6;0;0;0;11998
1,3;Donoso;43993;7;1;0;0;11998
1,3;Donoso;43994;8;0;0;0;11998
1,3;Donoso;43995;9;0;0;0;11998
1,3;Donoso;43996;10;0;0;0;11998
1,3;Donoso;43997;11;0;0;0;11998
1,3;Donoso;43998;12;0;0;0;11998
1,3;Donoso;43999;13;0;0;0;11998
1,3;Donoso;44000;14;1;0;0;11998
1,3;Donoso;44001;15;0;0;0;11998
1,3;Donoso;44002;16;0;0;0;11998
NA;Gualaca;43988;2;0;0;0;10135
0;Gualaca;43989;3;0;0;0;10135
0;Gualaca;43990;4;0;0;0;10135
0;Gualaca;43991;5;0;0;0;10135
0;Gualaca;43992;6;0;0;0;10135
0;Gualaca;43993;7;0;0;0;10135
0;Gualaca;43994;8;0;0;0;10135
0;Gualaca;43995;9;0;0;0;10135
0;Gualaca;43996;10;0;0;0;10135
0;Gualaca;43997;11;0;0;0;10135
0;Gualaca;43998;12;0;0;0;10135
0;Gualaca;43999;13;0;0;0;10135
1,1;Gualaca;44000;14;1;0;12;10135
1,1;Gualaca;44001;15;0;0;0;10135
1,1;Gualaca;44002;16;0;0;0;10135
NA;Guararé;43988;2;0;0;0;10625
0;Guararé;43989;3;0;0;0;10625
0;Guararé;43990;4;0;0;0;10625
2,6;Guararé;43991;5;18;0;11;10625
2,6;Guararé;43992;6;0;0;0;10625
2,8;Guararé;43993;7;19;0;4;10625
2,9;Guararé;43994;8;0;0;0;10625
1,7;Guararé;43995;9;21;0;31;10625
1,7;Guararé;43996;10;7;0;0;10625
1,7;Guararé;43997;11;8;0;0;10625
1,6;Guararé;43998;12;9;0;0;10625
1,7;Guararé;43999;13;0;0;0;10625
1,6;Guararé;44000;14;17;0;0;10625
1,6;Guararé;44001;15;2;0;0;10625
1,7;Guararé;44002;16;29;0;7;10625
NA;Jirondai;43988;2;0;0;0;22834
0;Jirondai;43989;3;0;0;0;22834
0;Jirondai;43990;4;0;0;0;22834
-0,3;Jirondai;43991;5;1;0;0;22834
-0,2;Jirondai;43992;6;0;0;0;22834
1,5;Jirondai;43993;7;2;0;4;22834
1,5;Jirondai;43994;8;0;0;0;22834
1,1;Jirondai;43995;9;2;0;17;22834
1,1;Jirondai;43996;10;1;0;0;22834
1,1;Jirondai;43997;11;1;0;0;22834
1,1;Jirondai;43998;12;1;0;0;22834
1,1;Jirondai;43999;13;0;0;0;22834
1,1;Jirondai;44000;14;3;0;0;22834
1,1;Jirondai;44001;15;1;0;0;22834
1,1;Jirondai;44002;16;0;0;0;22834
NA;Kankintú;43988;2;0;0;0;23035
0;Kankintú;43989;3;0;0;0;23035
0;Kankintú;43990;4;0;0;0;23035
7;Kankintú;43991;5;6;0;1;23035
7;Kankintú;43992;6;0;0;0;23035
6;Kankintú;43993;7;4;0;1;23035
6;Kankintú;43994;8;0;0;0;23035
1,6;Kankintú;43995;9;8;0;12;23035
1,6;Kankintú;43996;10;4;0;0;23035
1,6;Kankintú;43997;11;1;0;0;23035
1,6;Kankintú;43998;12;0;0;0;23035
1,6;Kankintú;43999;13;0;0;0;23035
1,6;Kankintú;44000;14;4;0;0;23035
1,6;Kankintú;44001;15;1;0;2;23035
1,5;Kankintú;44002;16;5;0;0;23035
NA;Kusapín;43988;2;0;0;0;20315
0;Kusapín;43989;3;0;0;0;20315
0;Kusapín;43990;4;0;0;0;20315
4;Kusapín;43991;5;15;0;5;20315
4;Kusapín;43992;6;0;0;0;20315
2,9;Kusapín;43993;7;7;0;6;20315
2,9;Kusapín;43994;8;0;0;0;20315
1,3;Kusapín;43995;9;10;0;30;20315
1,3;Kusapín;43996;10;6;0;0;20315
1,3;Kusapín;43997;11;7;1;1;20315
1,3;Kusapín;43998;12;3;0;0;20315
1,3;Kusapín;43999;13;0;0;0;20315
1,3;Kusapín;44000;14;24;0;1;20315
1,3;Kusapín;44001;15;13;0;7;20315
1,2;Kusapín;44002;16;16;1;0;20315
NA;La Chorrera;43988;2;0;0;0;193709
0;La Chorrera;43989;3;0;0;0;193709
0;La Chorrera;43990;4;0;0;0;193709
3,8;La Chorrera;43991;5;81;1;29;193709
3,8;La Chorrera;43992;6;0;0;0;193709
4,1;La Chorrera;43993;7;74;0;12;193709
4,2;La Chorrera;43994;8;0;0;0;193709
1,7;La Chorrera;43995;9;54;0;90;193709
1,7;La Chorrera;43996;10;17;0;0;193709
1,6;La Chorrera;43997;11;33;0;2;193709
1,6;La Chorrera;43998;12;19;0;0;193709
1,7;La Chorrera;43999;13;0;0;0;193709
1,7;La Chorrera;44000;14;63;0;22;193709
1,7;La Chorrera;44001;15;57;1;9;193709
1,6;La Chorrera;44002;16;70;0;2;193709
NA;La Mesa;43988;2;0;0;0;11452
0;La Mesa;43989;3;0;0;0;11452
0;La Mesa;43990;4;0;0;0;11452
0;La Mesa;43991;5;0;0;0;11452
0;La Mesa;43992;6;0;0;0;11452
0;La Mesa;43993;7;0;0;0;11452
0;La Mesa;43994;8;0;0;0;11452
0;La Mesa;43995;9;0;0;0;11452
0;La Mesa;43996;10;0;0;0;11452
0;La Mesa;43997;11;0;0;0;11452
0;La Mesa;43998;12;0;0;0;11452
0;La Mesa;43999;13;0;0;0;11452
-0,1;La Mesa;44000;14;1;0;0;11452
-0,1;La Mesa;44001;15;0;0;0;11452
-0,1;La Mesa;44002;16;0;0;0;11452
NA;La Pintada;43988;2;0;0;0;27840
0;La Pintada;43989;3;0;0;0;27840
0;La Pintada;43990;4;0;0;0;27840
-4,3;La Pintada;43991;5;17;0;0;27840
-3,4;La Pintada;43992;6;0;0;0;27840
4,8;La Pintada;43993;7;11;0;2;27840
5,1;La Pintada;43994;8;0;0;0;27840
1,2;La Pintada;43995;9;9;1;33;27840
1,2;La Pintada;43996;10;10;0;0;27840
1,2;La Pintada;43997;11;5;0;0;27840
1,1;La Pintada;43998;12;17;0;0;27840
1,2;La Pintada;43999;13;0;0;0;27840
1,1;La Pintada;44000;14;14;0;0;27840
1,1;La Pintada;44001;15;6;0;4;27840
1,1;La Pintada;44002;16;4;0;3;27840
NA;Las Minas;43988;2;0;0;0;7314
0;Las Minas;43989;3;0;0;0;7314
0;Las Minas;43990;4;0;0;0;7314
9,4;Las Minas;43991;5;24;1;3;7314
9,4;Las Minas;43992;6;0;0;0;7314
8,6;Las Minas;43993;7;12;0;0;7314
8,7;Las Minas;43994;8;0;0;0;7314
8,8;Las Minas;43995;9;0;0;0;7314
8,9;Las Minas;43996;10;0;0;0;7314
8,9;Las Minas;43997;11;0;0;0;7314
8,6;Las Minas;43998;12;11;0;0;7314
8,7;Las Minas;43999;13;0;0;0;7314
8,7;Las Minas;44000;14;1;0;0;7314
8,7;Las Minas;44001;15;0;0;0;7314
8,6;Las Minas;44002;16;7;0;0;7314
NA;Las Palmas;43988;2;0;0;0;17568
0;Las Palmas;43989;3;0;0;0;17568
0;Las Palmas;43990;4;0;0;0;17568
2,9;Las Palmas;43991;5;54;0;29;17568
2,9;Las Palmas;43992;6;0;0;0;17568
3;Las Palmas;43993;7;48;0;20;17568
3;Las Palmas;43994;8;0;0;0;17568
1,8;Las Palmas;43995;9;42;0;70;17568
1,7;Las Palmas;43996;10;41;0;0;17568
1,6;Las Palmas;43997;11;40;1;'-1;17568
1,3;Las Palmas;43998;12;7;2;60;17568
1,4;Las Palmas;43999;13;0;0;0;17568
1,4;Las Palmas;44000;14;47;0;'-60;17568
1,4;Las Palmas;44001;15;22;0;10;17568
1,4;Las Palmas;44002;16;32;0;0;17568
NA;Las Tablas;43988;2;0;0;0;28110
0;Las Tablas;43989;3;0;0;0;28110
0;Las Tablas;43990;4;0;0;0;28110
1,4;Las Tablas;43991;5;77;1;179;28110
1,4;Las Tablas;43992;6;0;0;0;28110
1,4;Las Tablas;43993;7;56;2;40;28110
1,5;Las Tablas;43994;8;0;0;0;28110
1,4;Las Tablas;43995;9;41;0;117;28110
1,4;Las Tablas;43996;10;19;0;0;28110
1,4;Las Tablas;43997;11;22;0;3;28110
1,4;Las Tablas;43998;12;14;0;0;28110
1,4;Las Tablas;43999;13;0;0;0;28110
1,4;Las Tablas;44000;14;41;1;1;28110
1,4;Las Tablas;44001;15;49;1;27;28110
1,4;Las Tablas;44002;16;44;0;5;28110
NA;Los Pozos;43988;2;0;0;0;7418
0;Los Pozos;43989;3;0;0;0;7418
0;Los Pozos;43990;4;0;0;0;7418
-0,5;Los Pozos;43991;5;2;0;0;7418
-0,4;Los Pozos;43992;6;0;0;0;7418
-0,7;Los Pozos;43993;7;4;0;0;7418
-0,6;Los Pozos;43994;8;0;0;0;7418
1;Los Pozos;43995;9;1;0;3;7418
1,1;Los Pozos;43996;10;0;0;0;7418
1,1;Los Pozos;43997;11;0;0;0;7418
1,1;Los Pozos;43998;12;1;0;0;7418
1,1;Los Pozos;43999;13;0;0;0;7418
1,1;Los Pozos;44000;14;1;0;0;7418
1;Los Pozos;44001;15;5;0;0;7418
1;Los Pozos;44002;16;0;0;0;7418
NA;Los Santos;43988;2;0;0;0;26043
0;Los Santos;43989;3;0;0;0;26043
0;Los Santos;43990;4;0;0;0;26043
-0,5;Los Santos;43991;5;2;0;0;26043
-0,4;Los Santos;43992;6;0;0;0;26043
-0,3;Los Santos;43993;7;0;0;0;26043
-0,3;Los Santos;43994;8;0;0;0;26043
1,7;Los Santos;43995;9;1;0;1;26043
1,8;Los Santos;43996;10;0;0;0;26043
1,6;Los Santos;43997;11;2;0;0;26043
1,6;Los Santos;43998;12;0;0;0;26043
1,6;Los Santos;43999;13;0;0;0;26043
3,1;Los Santos;44000;14;4;0;1;26043
3,1;Los Santos;44001;15;1;0;0;26043
3,1;Los Santos;44002;16;0;0;0;26043
NA;Macaracas;43988;2;0;0;0;8852
0;Macaracas;43989;3;0;0;0;8852
0;Macaracas;43990;4;0;0;0;8852
2,1;Macaracas;43991;5;51;0;49;8852
2,1;Macaracas;43992;6;0;0;0;8852
2,4;Macaracas;43993;7;72;0;33;8852
2,4;Macaracas;43994;8;0;0;0;8852
1,6;Macaracas;43995;9;70;0;133;8852
1,6;Macaracas;43996;10;29;1;0;8852
1,5;Macaracas;43997;11;69;1;'-1;8852
1,5;Macaracas;43998;12;33;4;1;8852
1,5;Macaracas;43999;13;0;0;0;8852
1,4;Macaracas;44000;14;77;2;0;8852
1,4;Macaracas;44001;15;47;1;31;8852
1,4;Macaracas;44002;16;39;1;0;8852
NA;Mariato;43988;2;0;0;0;5280
0;Mariato;43989;3;0;0;0;5280
0;Mariato;43990;4;0;0;0;5280
0;Mariato;43991;5;0;0;0;5280
0;Mariato;43992;6;0;0;0;5280
0;Mariato;43993;7;0;0;0;5280
0;Mariato;43994;8;0;0;0;5280
-0,5;Mariato;43995;9;4;0;0;5280
-0,4;Mariato;43996;10;0;0;0;5280
-0,4;Mariato;43997;11;0;0;0;5280
-0,4;Mariato;43998;12;1;0;0;5280
-0,3;Mariato;43999;13;0;0;0;5280
-0,4;Mariato;44000;14;3;0;0;5280
-0,3;Mariato;44001;15;0;0;0;5280
-0,3;Mariato;44002;16;1;0;0;5280
NA;Mironó;43988;2;0;0;0;19909
0;Mironó;43989;3;0;0;0;19909
0;Mironó;43990;4;0;0;0;19909
0;Mironó;43991;5;0;0;0;19909
0;Mironó;43992;6;0;0;0;19909
0;Mironó;43993;7;0;0;0;19909
0;Mironó;43994;8;0;0;0;19909
2;Mironó;43995;9;1;0;1;19909
2;Mironó;43996;10;0;0;0;19909
2;Mironó;43997;11;0;0;0;19909
2;Mironó;43998;12;0;0;0;19909
2;Mironó;43999;13;0;0;0;19909
2;Mironó;44000;14;0;0;0;19909
2;Mironó;44001;15;0;0;0;19909
2;Mironó;44002;16;0;0;0;19909
NA;Montijo;43988;2;0;0;0;6723
0;Montijo;43989;3;0;0;0;6723
0;Montijo;43990;4;0;0;0;6723
5,3;Montijo;43991;5;26;0;6;6723
5,3;Montijo;43992;6;0;0;0;6723
5,2;Montijo;43993;7;19;1;5;6723
5,2;Montijo;43994;8;0;0;0;6723
2;Montijo;43995;9;28;0;29;6723
2;Montijo;43996;10;5;0;3;6723
2;Montijo;43997;11;4;0;'-2;6723
2;Montijo;43998;12;2;0;1;6723
2;Montijo;43999;13;0;0;0;6723
2;Montijo;44000;14;20;1;'-1;6723
1,9;Montijo;44001;15;1;1;7;6723
1,9;Montijo;44002;16;8;1;0;6723
NA;Müna;43988;2;0;0;0;40320
0;Müna;43989;3;0;0;0;40320
0;Müna;43990;4;0;0;0;40320
2,5;Müna;43991;5;29;0;20;40320
2,5;Müna;43992;6;0;0;0;40320
2,5;Müna;43993;7;13;0;8;40320
2,5;Müna;43994;8;0;0;0;40320
1,8;Müna;43995;9;28;0;39;40320
1,8;Müna;43996;10;8;0;0;40320
1,8;Müna;43997;11;8;0;0;40320
1,7;Müna;43998;12;11;1;0;40320
1,8;Müna;43999;13;0;0;0;40320
1,7;Müna;44000;14;29;0;1;40320
1,7;Müna;44001;15;10;1;7;40320
1,6;Müna;44002;16;37;0;0;40320
NA;Natá;43988;2;0;0;0;20225
0;Natá;43989;3;0;0;0;20225
0;Natá;43990;4;0;0;0;20225
13;Natá;43991;5;22;2;2;20225
13;Natá;43992;6;0;0;0;20225
13,2;Natá;43993;7;13;0;1;20225
13,2;Natá;43994;8;0;0;0;20225
1,5;Natá;43995;9;11;0;19;20225
1,5;Natá;43996;10;5;0;0;20225
1,5;Natá;43997;11;5;0;'-1;20225
1,4;Natá;43998;12;6;0;0;20225
1,5;Natá;43999;13;0;0;0;20225
1,4;Natá;44000;14;12;0;0;20225
1,4;Natá;44001;15;9;0;4;20225
1,4;Natá;44002;16;9;0;1;20225
NA;Nole Duima;43988;2;0;0;0;20013
0;Nole Duima;43989;3;0;0;0;20013
0;Nole Duima;43990;4;0;0;0;20013
2,4;Nole Duima;43991;5;6;1;5;20013
2,4;Nole Duima;43992;6;0;0;0;20013
2,1;Nole Duima;43993;7;8;0;8;20013
2,1;Nole Duima;43994;8;0;0;0;20013
1,3;Nole Duima;43995;9;7;0;26;20013
1,3;Nole Duima;43996;10;6;0;0;20013
1,3;Nole Duima;43997;11;5;0;'-1;20013
1,3;Nole Duima;43998;12;2;0;0;20013
1,3;Nole Duima;43999;13;0;0;0;20013
1,2;Nole Duima;44000;14;8;0;0;20013
1,2;Nole Duima;44001;15;1;0;0;20013
1,2;Nole Duima;44002;16;12;0;1;20013
NA;Ñürün;43988;2;0;0;0;16737
0;Ñürün;43989;3;0;0;0;16737
0;Ñürün;43990;4;0;0;0;16737
2;Ñürün;43991;5;2;0;2;16737
2;Ñürün;43992;6;0;0;0;16737
1,1;Ñürün;43993;7;0;0;4;16737
1,2;Ñürün;43994;8;0;0;0;16737
1,8;Ñürün;43995;9;8;0;8;16737
1,8;Ñürün;43996;10;1;0;0;16737
1,8;Ñürün;43997;11;4;0;5;16737
1,8;Ñürün;43998;12;0;0;0;16737
1,8;Ñürün;43999;13;0;0;0;16737
1,7;Ñürün;44000;14;4;0;0;16737
1,7;Ñürün;44001;15;1;0;1;16737
1,7;Ñürün;44002;16;6;0;0;16737
NA;Ocú;43988;2;0;0;0;15406
0;Ocú;43989;3;0;0;0;15406
0;Ocú;43990;4;0;0;0;15406
0;Ocú;43991;5;0;0;0;15406
0;Ocú;43992;6;0;0;0;15406
-0,2;Ocú;43993;7;1;0;0;15406
-0,1;Ocú;43994;8;0;0;0;15406
-0,1;Ocú;43995;9;0;0;0;15406
-0,1;Ocú;43996;10;0;0;0;15406
-0,1;Ocú;43997;11;0;0;0;15406
-0,1;Ocú;43998;12;0;0;0;15406
-0,1;Ocú;43999;13;0;0;0;15406
-0,1;Ocú;44000;14;0;0;0;15406
-0,1;Ocú;44001;15;0;0;0;15406
-0,1;Ocú;44002;16;0;0;0;15406
NA;Olá;43988;2;0;0;0;6371
0;Olá;43989;3;0;0;0;6371
0;Olá;43990;4;0;0;0;6371
-2;Olá;43991;5;8;0;0;6371
-1,6;Olá;43992;6;0;0;0;6371
-1,6;Olá;43993;7;7;0;0;6371
-1,4;Olá;43994;8;0;0;0;6371
5,3;Olá;43995;9;15;0;3;6371
5,4;Olá;43996;10;0;0;0;6371
5,5;Olá;43997;11;0;0;0;6371
5,4;Olá;43998;12;3;0;0;6371
5,5;Olá;43999;13;0;0;0;6371
5,3;Olá;44000;14;6;0;0;6371
5,4;Olá;44001;15;1;0;0;6371
5,4;Olá;44002;16;0;0;0;6371
NA;Omar Torrijos Herrera;43988;2;0;0;0;2554
0;Omar Torrijos Herrera;43989;3;0;0;0;2554
0;Omar Torrijos Herrera;43990;4;0;0;0;2554
5;Omar Torrijos Herrera;43991;5;4;0;1;2554
5;Omar Torrijos Herrera;43992;6;0;0;0;2554
5,5;Omar Torrijos Herrera;43993;7;5;0;1;2554
5,5;Omar Torrijos Herrera;43994;8;0;0;0;2554
1,3;Omar Torrijos Herrera;43995;9;8;0;21;2554
1,3;Omar Torrijos Herrera;43996;10;2;0;0;2554
1,3;Omar Torrijos Herrera;43997;11;3;0;0;2554
1,3;Omar Torrijos Herrera;43998;12;2;0;0;2554
1,3;Omar Torrijos Herrera;43999;13;0;0;0;2554
1,3;Omar Torrijos Herrera;44000;14;6;0;0;2554
1,3;Omar Torrijos Herrera;44001;15;0;0;0;2554
1,3;Omar Torrijos Herrera;44002;16;18;0;1;2554
NA;Panamá;43988;2;0;0;0;1044023
2;Panamá;43989;3;1;0;1;1044023
2;Panamá;43990;4;0;0;0;1044023
3,2;Panamá;43991;5;277;7;129;1044023
3,2;Panamá;43992;6;0;0;0;1044023
3,4;Panamá;43993;7;243;4;86;1044023
3,4;Panamá;43994;8;0;0;0;1044023
1,6;Panamá;43995;9;283;2;497;1044023
1,6;Panamá;43996;10;103;3;4;1044023
1,6;Panamá;43997;11;186;1;5;1044023
1,6;Panamá;43998;12;66;0;1;1044023
1,6;Panamá;43999;13;0;0;0;1044023
1,5;Panamá;44000;14;262;2;'-1;1044023
1,5;Panamá;44001;15;161;1;99;1044023
1,5;Panamá;44002;16;171;0;4;1044023
NA;Parita;43988;2;0;0;0;8934
0;Parita;43989;3;0;0;0;8934
0;Parita;43990;4;0;0;0;8934
1,8;Parita;43991;5;9;0;11;8934
1,8;Parita;43992;6;0;0;0;8934
1,8;Parita;43993;7;7;0;8;8934
1,8;Parita;43994;8;0;0;0;8934
1,9;Parita;43995;9;22;0;23;8934
1,9;Parita;43996;10;4;0;0;8934
1,9;Parita;43997;11;7;0;0;8934
1,9;Parita;43998;12;0;0;0;8934
1,9;Parita;43999;13;0;0;0;8934
1,7;Parita;44000;14;23;0;0;8934
1,8;Parita;44001;15;0;0;0;8934
1,8;Parita;44002;16;17;0;3;8934
NA;Pedasí;43988;2;0;0;0;4480
0;Pedasí;43989;3;0;0;0;4480
0;Pedasí;43990;4;0;0;0;4480
-0,3;Pedasí;43991;5;1;0;0;4480
-0,2;Pedasí;43992;6;0;0;0;4480
1,1;Pedasí;43993;7;1;0;10;4480
1,1;Pedasí;43994;8;0;0;0;4480
1;Pedasí;43995;9;7;0;0;4480
1;Pedasí;43996;10;0;0;0;4480
1;Pedasí;43997;11;0;0;0;4480
1;Pedasí;43998;12;0;0;0;4480
1;Pedasí;43999;13;0;0;0;4480
1,1;Pedasí;44000;14;3;0;9;4480
1,1;Pedasí;44001;15;0;0;0;4480
1,1;Pedasí;44002;16;0;0;0;4480
NA;Penonomé;43988;2;0;0;0;93425
0;Penonomé;43989;3;0;0;0;93425
0;Penonomé;43990;4;0;0;0;93425
4,6;Penonomé;43991;5;51;0;14;93425
4,6;Penonomé;43992;6;0;0;0;93425
4,1;Penonomé;43993;7;17;2;10;93425
4,1;Penonomé;43994;8;0;0;0;93425
1,5;Penonomé;43995;9;27;0;57;93425
1,5;Penonomé;43996;10;15;0;0;93425
1,5;Penonomé;43997;11;19;0;0;93425
1,5;Penonomé;43998;12;10;0;0;93425
1,5;Penonomé;43999;13;0;0;0;93425
1,5;Penonomé;44000;14;26;0;0;93425
1,5;Penonomé;44001;15;23;0;8;93425
1,4;Penonomé;44002;16;31;0;0;93425
NA;Pesé;43988;2;0;0;0;12397
0;Pesé;43989;3;0;0;0;12397
0;Pesé;43990;4;0;0;0;12397
0;Pesé;43991;5;0;0;0;12397
0;Pesé;43992;6;0;0;0;12397
0;Pesé;43993;7;0;0;0;12397
0;Pesé;43994;8;0;0;0;12397
-0,1;Pesé;43995;9;1;0;0;12397
-0,1;Pesé;43996;10;0;0;0;12397
-0,1;Pesé;43997;11;0;0;0;12397
-0,1;Pesé;43998;12;0;0;0;12397
-0,1;Pesé;43999;13;0;0;0;12397
-0,1;Pesé;44000;14;0;0;0;12397
-0,1;Pesé;44001;15;0;0;0;12397
-0,1;Pesé;44002;16;0;0;0;12397
NA;Pinogana;43988;2;0;0;0;21093
0;Pinogana;43989;3;0;0;0;21093
0;Pinogana;43990;4;0;0;0;21093
18;Pinogana;43991;5;34;0;2;21093
18;Pinogana;43992;6;0;0;0;21093
23,2;Pinogana;43993;7;53;0;1;21093
23,6;Pinogana;43994;8;0;0;0;21093
7,1;Pinogana;43995;9;49;0;8;21093
7,1;Pinogana;43996;10;8;0;0;21093
7,1;Pinogana;43997;11;6;0;0;21093
6,7;Pinogana;43998;12;31;0;0;21093
6,9;Pinogana;43999;13;0;0;0;21093
6,8;Pinogana;44000;14;18;0;0;21093
6,8;Pinogana;44001;15;3;0;1;21093
6,8;Pinogana;44002;16;4;0;0;21093
NA;Pocrí;43988;2;0;0;0;3321
0;Pocrí;43989;3;0;0;0;3321
0;Pocrí;43990;4;0;0;0;3321
0;Pocrí;43991;5;0;0;0;3321
0;Pocrí;43992;6;0;0;0;3321
0;Pocrí;43993;7;0;0;0;3321
0;Pocrí;43994;8;0;0;0;3321
3;Pocrí;43995;9;2;0;1;3321
3;Pocrí;43996;10;0;0;0;3321
3;Pocrí;43997;11;0;0;0;3321
3;Pocrí;43998;12;0;0;0;3321
3;Pocrí;43999;13;0;0;0;3321
3;Pocrí;44000;14;0;0;0;3321
3;Pocrí;44001;15;0;0;0;3321
3;Pocrí;44002;16;0;0;0;3321
NA;Portobelo;43988;2;0;0;0;10430
1;Portobelo;43989;3;0;0;57;10430
1;Portobelo;43990;4;0;0;0;10430
2,3;Portobelo;43991;5;144;1;54;10430
2,3;Portobelo;43992;6;0;0;0;10430
1,6;Portobelo;43993;7;54;0;119;10430
1,6;Portobelo;43994;8;0;0;0;10430
1,4;Portobelo;43995;9;92;0;262;10430
1,3;Portobelo;43996;10;44;0;0;10430
1,3;Portobelo;43997;11;27;3;3;10430
1,3;Portobelo;43998;12;21;2;0;10430
1,3;Portobelo;43999;13;0;0;0;10430
1,3;Portobelo;44000;14;82;3;3;10430
1,3;Portobelo;44001;15;40;0;63;10430
1,3;Portobelo;44002;16;68;1;2;10430
NA;Remedios;43988;2;0;0;0;4214
0;Remedios;43989;3;0;0;0;4214
0;Remedios;43990;4;0;0;0;4214
3,2;Remedios;43991;5;11;0;5;4214
3,2;Remedios;43992;6;0;0;0;4214
2,9;Remedios;43993;7;2;0;3;4214
2,9;Remedios;43994;8;0;0;0;4214
2,6;Remedios;43995;9;4;0;4;4214
2,5;Remedios;43996;10;3;0;0;4214
2,5;Remedios;43997;11;1;0;0;4214
2,3;Remedios;43998;12;5;0;0;4214
2,3;Remedios;43999;13;0;0;0;4214
2,3;Remedios;44000;14;2;0;0;4214
2,3;Remedios;44001;15;4;1;1;4214
2,3;Remedios;44002;16;1;0;0;4214
NA;Renacimiento;43988;2;0;0;0;20887
0;Renacimiento;43989;3;0;0;0;20887
0;Renacimiento;43990;4;0;0;0;20887
0;Renacimiento;43991;5;0;0;0;20887
0;Renacimiento;43992;6;0;0;0;20887
0;Renacimiento;43993;7;0;0;0;20887
0;Renacimiento;43994;8;0;0;0;20887
0;Renacimiento;43995;9;0;0;0;20887
0;Renacimiento;43996;10;0;0;0;20887
0;Renacimiento;43997;11;0;0;0;20887
0;Renacimiento;43998;12;0;0;0;20887
0;Renacimiento;43999;13;0;0;0;20887
0;Renacimiento;44000;14;0;0;0;20887
0;Renacimiento;44001;15;0;0;0;20887
-0,1;Renacimiento;44002;16;1;0;0;20887
NA;Río de Jesús;43988;2;0;0;0;5244
0;Río de Jesús;43989;3;0;0;0;5244
0;Río de Jesús;43990;4;0;0;0;5244
0;Río de Jesús;43991;5;0;0;0;5244
0;Río de Jesús;43992;6;0;0;0;5244
0;Río de Jesús;43993;7;0;0;0;5244
0;Río de Jesús;43994;8;0;0;0;5244
0;Río de Jesús;43995;9;0;0;0;5244
0;Río de Jesús;43996;10;0;0;0;5244
0;Río de Jesús;43997;11;0;0;0;5244
0;Río de Jesús;43998;12;0;0;0;5244
0;Río de Jesús;43999;13;0;0;0;5244
0;Río de Jesús;44000;14;0;0;0;5244
0;Río de Jesús;44001;15;0;0;0;5244
0;Río de Jesús;44002;16;0;0;0;5244
NA;Sambú;43988;2;0;0;0;2760
0;Sambú;43989;3;0;0;0;2760
0;Sambú;43990;4;0;0;0;2760
0;Sambú;43991;5;0;0;0;2760
0;Sambú;43992;6;0;0;0;2760
0;Sambú;43993;7;0;0;0;2760
0;Sambú;43994;8;0;0;0;2760
0;Sambú;43995;9;0;0;0;2760
0;Sambú;43996;10;0;0;0;2760
0;Sambú;43997;11;0;0;0;2760
0;Sambú;43998;12;0;0;0;2760
0;Sambú;43999;13;0;0;0;2760
0;Sambú;44000;14;0;0;0;2760
0;Sambú;44001;15;0;0;0;2760
0;Sambú;44002;16;0;0;0;2760
NA;San Carlos;43988;2;0;0;0;22800
0;San Carlos;43989;3;0;0;0;22800
0;San Carlos;43990;4;0;0;0;22800
10,7;San Carlos;43991;5;28;1;3;22800
10,7;San Carlos;43992;6;0;0;0;22800
4;San Carlos;43993;7;19;1;8;22800
4,1;San Carlos;43994;8;0;0;0;22800
1,5;San Carlos;43995;9;11;0;24;22800
1,5;San Carlos;43996;10;3;0;0;22800
1,5;San Carlos;43997;11;11;0;0;22800
1,5;San Carlos;43998;12;7;0;0;22800
1,5;San Carlos;43999;13;0;0;0;22800
1,4;San Carlos;44000;14;17;0;0;22800
1,6;San Carlos;44001;15;23;0;13;22800
1,6;San Carlos;44002;16;17;0;0;22800
NA;San Félix;43988;2;0;0;0;6627
0;San Félix;43989;3;0;0;0;6627
0;San Félix;43990;4;0;0;0;6627
0;San Félix;43991;5;0;0;0;6627
0;San Félix;43992;6;0;0;0;6627
0;San Félix;43993;7;0;0;0;6627
0;San Félix;43994;8;0;0;0;6627
1,3;San Félix;43995;9;1;0;3;6627
1,3;San Félix;43996;10;0;0;0;6627
1,3;San Félix;43997;11;0;0;0;6627
1,3;San Félix;43998;12;0;0;0;6627
1,3;San Félix;43999;13;0;0;0;6627
1,3;San Félix;44000;14;0;0;0;6627
1,3;San Félix;44001;15;0;0;0;6627
1,3;San Félix;44002;16;0;0;0;6627
NA;San Francisco;43988;2;0;0;0;10027
0;San Francisco;43989;3;0;0;0;10027
0;San Francisco;43990;4;0;0;0;10027
-0,3;San Francisco;43991;5;1;0;0;10027
-0,2;San Francisco;43992;6;0;0;0;10027
-0,2;San Francisco;43993;7;0;0;0;10027
-0,1;San Francisco;43994;8;0;0;0;10027
-0,2;San Francisco;43995;9;1;0;0;10027
0,8;San Francisco;43996;10;0;0;1;10027
0,8;San Francisco;43997;11;0;0;0;10027
0,7;San Francisco;43998;12;1;0;0;10027
0,7;San Francisco;43999;13;0;0;0;10027
0,7;San Francisco;44000;14;1;0;0;10027
1,2;San Francisco;44001;15;1;0;1;10027
1,2;San Francisco;44002;16;0;0;0;10027
NA;San Lorenzo;43988;2;0;0;0;7815
-0,5;San Lorenzo;43989;3;'-1;0;0;7815
-0,3;San Lorenzo;43990;4;0;0;0;7815
9;San Lorenzo;43991;5;39;1;5;7815
9;San Lorenzo;43992;6;0;0;0;7815
9,8;San Lorenzo;43993;7;48;0;5;7815
9,8;San Lorenzo;43994;8;0;0;0;7815
2,2;San Lorenzo;43995;9;46;0;37;7815
2,2;San Lorenzo;43996;10;17;0;0;7815
2,1;San Lorenzo;43997;11;23;0;2;7815
2,1;San Lorenzo;43998;12;16;0;'-2;7815
2,2;San Lorenzo;43999;13;0;0;0;7815
2,1;San Lorenzo;44000;14;28;0;1;7815
2,2;San Lorenzo;44001;15;30;0;8;7815
2,1;San Lorenzo;44002;16;24;0;0;7815
NA;San Miguelito;43988;2;0;0;0;357034
0;San Miguelito;43989;3;0;0;0;357034
0;San Miguelito;43990;4;0;0;0;357034
3,9;San Miguelito;43991;5;40;1;14;357034
3,9;San Miguelito;43992;6;0;0;0;357034
4,3;San Miguelito;43993;7;40;1;7;357034
4,4;San Miguelito;43994;8;0;0;0;357034
1,5;San Miguelito;43995;9;33;0;69;357034
1,4;San Miguelito;43996;10;24;2;6;357034
1,4;San Miguelito;43997;11;23;1;2;357034
1,4;San Miguelito;43998;12;9;0;1;357034
1,5;San Miguelito;43999;13;0;0;0;357034
1,4;San Miguelito;44000;14;25;0;0;357034
1,4;San Miguelito;44001;15;31;0;12;357034
1,4;San Miguelito;44002;16;28;0;1;357034
NA;Santa Catalina o Calovébora;43988;2;0;0;0;7241
0;Santa Catalina o Calovébora;43989;3;0;0;0;7241
0;Santa Catalina o Calovébora;43990;4;0;0;0;7241
0;Santa Catalina o Calovébora;43991;5;0;0;0;7241
0;Santa Catalina o Calovébora;43992;6;0;0;0;7241
-0,3;Santa Catalina o Calovébora;43993;7;2;0;0;7241
-0,3;Santa Catalina o Calovébora;43994;8;0;0;0;7241
-1,2;Santa Catalina o Calovébora;43995;9;10;0;0;7241
-1,1;Santa Catalina o Calovébora;43996;10;0;0;0;7241
-1;Santa Catalina o Calovébora;43997;11;0;0;0;7241
-0,9;Santa Catalina o Calovébora;43998;12;0;0;0;7241
-0,8;Santa Catalina o Calovébora;43999;13;0;0;0;7241
-0,8;Santa Catalina o Calovébora;44000;14;1;0;0;7241
-0,7;Santa Catalina o Calovébora;44001;15;1;0;0;7241
-0,7;Santa Catalina o Calovébora;44002;16;0;0;0;7241
NA;Santa Fe;43988;2;0;0;0;34434
0;Santa Fe;43989;3;0;0;0;34434
0;Santa Fe;43990;4;0;0;0;34434
3,8;Santa Fe;43991;5;17;0;6;34434
3,8;Santa Fe;43992;6;0;0;0;34434
4;Santa Fe;43993;7;12;1;2;34434
4;Santa Fe;43994;8;0;0;0;34434
1,5;Santa Fe;43995;9;16;0;30;34434
1,5;Santa Fe;43996;10;8;0;0;34434
1,5;Santa Fe;43997;11;5;0;0;34434
1,5;Santa Fe;43998;12;4;0;0;34434
1,5;Santa Fe;43999;13;0;0;0;34434
1,4;Santa Fe;44000;14;18;0;0;34434
1,4;Santa Fe;44001;15;6;0;12;34434
1,4;Santa Fe;44002;16;9;0;0;34434
NA;Santa Isabel;43988;2;0;0;0;3921
0;Santa Isabel;43989;3;0;0;0;3921
0;Santa Isabel;43990;4;0;0;0;3921
-1;Santa Isabel;43991;5;4;0;0;3921
-0,8;Santa Isabel;43992;6;0;0;0;3921
2,2;Santa Isabel;43993;7;2;0;1;3921
2,3;Santa Isabel;43994;8;0;0;0;3921
2,1;Santa Isabel;43995;9;2;0;0;3921
3,5;Santa Isabel;43996;10;11;0;4;3921
3,5;Santa Isabel;43997;11;1;0;0;3921
3,3;Santa Isabel;43998;12;6;0;0;3921
3,4;Santa Isabel;43999;13;0;0;0;3921
3,3;Santa Isabel;44000;14;5;0;0;3921
3,3;Santa Isabel;44001;15;0;0;0;3921
3,3;Santa Isabel;44002;16;0;0;0;3921
NA;Santa María;43988;2;0;0;0;7519
0;Santa María;43989;3;0;0;0;7519
0;Santa María;43990;4;0;0;0;7519
7;Santa María;43991;5;6;0;1;7519
7;Santa María;43992;6;0;0;0;7519
5,5;Santa María;43993;7;3;0;1;7519
5,5;Santa María;43994;8;0;0;0;7519
1,4;Santa María;43995;9;9;0;19;7519
1,4;Santa María;43996;10;2;0;0;7519
1,4;Santa María;43997;11;4;0;0;7519
1,4;Santa María;43998;12;0;0;0;7519
1,4;Santa María;43999;13;0;0;0;7519
1,4;Santa María;44000;14;13;0;0;7519
1,4;Santa María;44001;15;0;0;0;7519
1,4;Santa María;44002;16;7;0;5;7519
NA;Santiago;43988;2;0;0;0;94960
1;Santiago;43989;3;'-2;0;201;94960
1;Santiago;43990;4;0;0;0;94960
0,9;Santiago;43991;5;87;2;39;94960
1;Santiago;43992;6;0;0;0;94960
0,9;Santiago;43993;7;73;0;17;94960
1;Santiago;43994;8;0;0;0;94960
1;Santiago;43995;9;37;'-1;134;94960
1;Santiago;43996;10;25;0;0;94960
1;Santiago;43997;11;17;0;3;94960
1;Santiago;43998;12;16;0;1;94960
1;Santiago;43999;13;0;0;0;94960
1;Santiago;44000;14;55;1;0;94960
1;Santiago;44001;15;46;0;23;94960
1;Santiago;44002;16;31;0;0;94960
NA;Soná;43988;2;0;0;0;28317
0;Soná;43989;3;0;0;0;28317
0;Soná;43990;4;0;0;0;28317
2,4;Soná;43991;5;64;2;49;28317
2,4;Soná;43992;6;0;0;0;28317
2,3;Soná;43993;7;47;0;9;28317
2,4;Soná;43994;8;0;0;0;28317
1,8;Soná;43995;9;57;1;79;28317
1,8;Soná;43996;10;23;0;0;28317
1,8;Soná;43997;11;26;1;3;28317
1,8;Soná;43998;12;13;0;0;28317
1,8;Soná;43999;13;0;0;0;28317
1,7;Soná;44000;14;48;1;0;28317
1,7;Soná;44001;15;26;0;30;28317
1,7;Soná;44002;16;39;1;0;28317
NA;Taboga;43988;2;0;0;0;1324
0;Taboga;43989;3;0;0;0;1324
0;Taboga;43990;4;0;0;0;1324
0;Taboga;43991;5;0;0;0;1324
0;Taboga;43992;6;0;0;0;1324
0;Taboga;43993;7;0;0;0;1324
0;Taboga;43994;8;0;0;0;1324
0;Taboga;43995;9;0;0;0;1324
0;Taboga;43996;10;0;0;0;1324
0;Taboga;43997;11;0;0;0;1324
0;Taboga;43998;12;0;0;0;1324
0;Taboga;43999;13;0;0;0;1324
0;Taboga;44000;14;0;0;0;1324
0;Taboga;44001;15;0;0;0;1324
-0,1;Taboga;44002;16;1;0;0;1324
NA;Tierras Altas;43988;2;0;0;0;21343
0;Tierras Altas;43989;3;0;0;0;21343
0;Tierras Altas;43990;4;0;0;0;21343
0;Tierras Altas;43991;5;0;0;0;21343
0;Tierras Altas;43992;6;0;0;0;21343
0;Tierras Altas;43993;7;0;0;0;21343
0;Tierras Altas;43994;8;0;0;0;21343
0;Tierras Altas;43995;9;0;0;0;21343
0;Tierras Altas;43996;10;0;0;0;21343
0;Tierras Altas;43997;11;0;0;0;21343
-0,1;Tierras Altas;43998;12;1;0;0;21343
-0,1;Tierras Altas;43999;13;0;0;0;21343
-0,1;Tierras Altas;44000;14;0;0;0;21343
-0,1;Tierras Altas;44001;15;0;0;0;21343
-0,1;Tierras Altas;44002;16;0;0;0;21343
NA;Tolé;43988;2;0;0;0;12344
0;Tolé;43989;3;0;0;0;12344
0;Tolé;43990;4;0;0;0;12344
1,7;Tolé;43991;5;2;0;3;12344
1,7;Tolé;43992;6;0;0;0;12344
1,9;Tolé;43993;7;5;0;1;12344
1,9;Tolé;43994;8;0;0;0;12344
1,9;Tolé;43995;9;0;0;0;12344
1,4;Tolé;43996;10;2;0;6;12344
1,4;Tolé;43997;11;0;0;0;12344
1,4;Tolé;43998;12;2;0;0;12344
1,4;Tolé;43999;13;0;0;0;12344
1,3;Tolé;44000;14;6;0;0;12344
1,3;Tolé;44001;15;1;0;0;12344
1,2;Tolé;44002;16;4;0;0;12344
NA;Tonosí;43988;2;0;0;0;9631
0;Tonosí;43989;3;0;0;0;9631
0;Tonosí;43990;4;0;0;0;9631
6;Tonosí;43991;5;5;0;1;9631
6;Tonosí;43992;6;0;0;0;9631
6;Tonosí;43993;7;0;0;0;9631
6;Tonosí;43994;8;0;0;0;9631
5,7;Tonosí;43995;9;2;0;0;9631
5,5;Tonosí;43996;10;2;0;0;9631
5,3;Tonosí;43997;11;2;0;0;9631
5,2;Tonosí;43998;12;2;0;0;9631
5,3;Tonosí;43999;13;0;0;0;9631
5;Tonosí;44000;14;4;0;0;9631
4,9;Tonosí;44001;15;1;1;0;9631
5;Tonosí;44002;16;0;0;0;9631
