,OBJECTID,PROVINCIA,DISTRITO,CORREGIMIENTO,CANTIDAD,HOSPITALIZADO,AISLAMIENTO_DOMICILIARIO,FALLECIDO,UCI,RECUPERADO,LONG,LAT,GlobalID
0,1,BOCAS DEL TORO,ALMIRANTE ,ALMIRANTE,150.0,2.0,90.0,3.0,0.0,55.0,346369.150995846,1030532.46457369,45198c82-f75a-4357-9660-1199d72d7d69
1,2,BOCAS DEL TORO,ALMIRANTE ,BARRIADA GUAYMI,39.0,1.0,28.0,0.0,0.0,10.0,342539.236441612,1028734.63230929,633940f7-046b-4018-8bd3-ec7d76cfb794
2,3,BOCAS DEL TORO,ALMIRANTE ,BARRIO FRANCES,12.0,0.0,12.0,0.0,0.0,0.0,349423.16410951,1028421.26668952,93c27df4-c71a-4efb-9b49-94ce7a7ae778
3,4,BOCAS DEL TORO,ALMIRANTE ,NANCE DEL RISCO,5.0,0.0,5.0,0.0,0.0,0.0,318764.703966952,1002576.44698399,dd106d01-6a7c-4c47-b9d8-5c9294a177b2
4,5,BOCAS DEL TORO,ALMIRANTE ,VALLE DE AGUA ARRIBA,2.0,0.0,1.0,0.0,0.0,1.0,349056.946779809,1019404.93793421,5216743a-6b94-4d93-a6bc-e7b8df9daa80
5,6,BOCAS DEL TORO,ALMIRANTE ,VALLE DEL RISCO,9.0,0.0,5.0,0.0,0.0,4.0,341365.104564858,996900.77243708,a838af2e-5145-407a-886a-6fa292b6adb3
6,7,BOCAS DEL TORO,BOCAS DEL TORO,BASTIMENTOS,5.0,0.0,4.0,0.0,0.0,1.0,374321.326994898,1028586.63749813,60abc85f-e85b-43ba-8685-172ac6a4be6d
7,8,BOCAS DEL TORO,BOCAS DEL TORO,BOCAS DEL TORO (CABECERA),126.0,2.0,58.0,4.0,0.0,62.0,359778.231045938,1038965.26877418,95660fdb-056c-42ed-a9b7-eab672c07008
8,9,BOCAS DEL TORO,BOCAS DEL TORO,CAUCHERO,3.0,0.0,3.0,0.0,0.0,0.0,350538.444642533,1009391.18664396,2bdaefad-ac60-4197-81e3-2c4b6daf1dda
9,10,BOCAS DEL TORO,BOCAS DEL TORO,PUNTA LAUREL,1.0,0.0,1.0,0.0,0.0,0.0,378375.07467149,1014627.33299316,5d3b6f99-13d8-4680-a043-04f83c64876e
10,11,BOCAS DEL TORO,BOCAS DEL TORO,TIERRA OSCURA,,,,,,,368003.710530591,1015083.80029941,4d174a03-af6e-44f9-be10-9eca1ff0aa16
11,12,BOCAS DEL TORO,CHANGUINOLA,BARRIADA 4 DE ABRIL,19.0,0.0,6.0,0.0,0.0,13.0,331044.869860069,1046876.31418191,c0c9e996-e2ad-4357-96e1-d053cf7e9732
12,13,BOCAS DEL TORO,CHANGUINOLA,CHANGUINOLA (CABECERA),860.0,11.0,310.0,13.0,1.0,525.0,332919.652803794,1044865.69123341,30ba4c81-0107-4724-ae88-14b4e422d320
13,14,BOCAS DEL TORO,CHANGUINOLA,COCHIGRO,,,,,,,328670.442333238,1024445.28015562,1f20cd20-4c36-4e18-a844-6fab4e1d7f02
14,15,BOCAS DEL TORO,CHANGUINOLA,EL EMPALME,267.0,5.0,95.0,8.0,0.0,159.0,334944.548963318,1040835.35837279,cc9a13b0-79c5-4f53-80ce-ab79d35df036
15,16,BOCAS DEL TORO,CHANGUINOLA,EL SILENCIO,49.0,2.0,23.0,1.0,0.0,23.0,326760.715547636,1039074.84452504,bc1d1594-5da6-41f5-a02b-da8c260db20a
16,17,BOCAS DEL TORO,CHANGUINOLA,EL TERIBE,6.0,0.0,4.0,0.0,0.0,2.0,307758.311810393,1025816.10357151,1cc5b5c3-5a23-4402-9b0b-b087b07f5293
17,18,BOCAS DEL TORO,CHANGUINOLA,FINCA 30,116.0,1.0,41.0,3.0,0.0,71.0,328962.236333161,1042946.60321271,d373b5b9-00df-4e7b-adc4-0b0322fbe64f
18,19,BOCAS DEL TORO,CHANGUINOLA,FINCA 6,75.0,0.0,36.0,2.0,0.0,37.0,335530.824141061,1049100.04785054,56fe7fbf-817f-4fb2-931e-dfd457fe2d3c
19,20,BOCAS DEL TORO,CHANGUINOLA,FINCA 60,84.0,0.0,25.0,2.0,0.0,57.0,337499.020321664,1044851.67197857,c25705c6-104c-4e9c-9d2f-235a3a2094d3
20,21,BOCAS DEL TORO,CHANGUINOLA,GUABITO,100.0,2.0,47.0,2.0,0.0,49.0,324702.56989255,1049087.65028241,3ec9cdbb-a9c1-4bc4-9828-1570cfdd6287
21,22,BOCAS DEL TORO,CHANGUINOLA,LA GLORIA,5.0,0.0,2.0,0.0,0.0,3.0,341730.737383481,1037335.04262065,19fc1951-19d1-4791-9476-2a7574d8b00f
22,23,BOCAS DEL TORO,CHANGUINOLA,LAS DELICIAS,1.0,0.0,1.0,0.0,0.0,0.0,296738.004302605,1041772.70997619,f0b29af6-42ee-453b-a98e-aa658aa61db5
23,24,BOCAS DEL TORO,CHANGUINOLA,LAS TABLAS,78.0,0.0,57.0,2.0,0.0,19.0,308732.946585943,1054256.04530661,240d811d-0d15-4059-a2dd-ff3e90f23615
24,25,BOCAS DEL TORO,CHIRIQUÍ GRANDE,BAJO CEDRO,10.0,0.0,7.0,0.0,0.0,3.0,357130.618535795,1008237.18445953,ee8458b9-5806-4273-a002-ccc9734da836
25,26,BOCAS DEL TORO,CHIRIQUÍ GRANDE,CHIRIQUI GRANDE (CABECERA),135.0,0.0,13.0,3.0,0.0,119.0,377288.409282109,987690.704339222,07807bc8-4f13-4ed9-99b9-10a8148dd5ca
26,27,BOCAS DEL TORO,CHIRIQUÍ GRANDE,MIRAMAR,26.0,0.0,3.0,0.0,0.0,23.0,365819.058036094,993425.31268235,2f97efb1-e09c-4b9a-be2b-743c4f800ace
27,28,BOCAS DEL TORO,CHIRIQUÍ GRANDE,PUNTA PEÑA,15.0,0.0,9.0,0.0,0.0,6.0,370752.54179355,982957.260825289,635b1aef-4734-49ab-86b7-9f734893c8d2
28,29,BOCAS DEL TORO,CHIRIQUÍ GRANDE,PUNTA ROBALO,1.0,0.0,1.0,0.0,0.0,0.0,359517.135440503,999752.741040041,0dcd1aab-4dc7-4a7b-9023-0c10ecd63da7
29,30,BOCAS DEL TORO,CHIRIQUÍ GRANDE,RAMBALA,17.0,0.0,4.0,0.0,0.0,13.0,370410.836103187,989351.909815573,1669d9f2-e7b6-40aa-83ca-35ad1a751e03
30,31,CHIRIQUÍ,ALANJE,ALANJE (CABECERA),85.0,4.0,51.0,3.0,0.0,27.0,328392.58412157,929106.281610991,83ae1cdf-9f08-40b7-8af8-25c7f8431946
31,32,CHIRIQUÍ,ALANJE,CANTA GALLO,7.0,2.0,1.0,1.0,0.0,3.0,321451.33292691,927219.383401854,ee71dd92-f453-49ec-847a-14534beb13e5
32,33,CHIRIQUÍ,ALANJE,DIVALA,189.0,5.0,26.0,2.0,0.0,156.0,314249.41848945,929310.562907053,80b22b70-a0cb-430f-9efc-1aaa75afcc88
33,34,CHIRIQUÍ,ALANJE,EL TEJAR,60.0,0.0,18.0,3.0,1.0,38.0,327580.635929151,932865.582595727,8b4cc7c5-7316-4f8c-aa70-5508f0ac28df
34,35,CHIRIQUÍ,ALANJE,GUARUMAL,13.0,0.0,2.0,1.0,0.0,10.0,330710.884523277,920875.688075777,4759ef51-e9d5-4574-9ca9-87991e201266
35,36,CHIRIQUÍ,ALANJE,NUEVO MEXICO,78.0,0.0,4.0,2.0,0.0,72.0,308181.397806044,930500.982477502,323f060c-d700-4ed7-85a5-fc58845fa036
36,37,CHIRIQUÍ,ALANJE,PALO GRANDE,,,,,,,323520.586931783,923122.786260776,b49c0bc5-0eb5-4f69-a975-b151f18ef36f
37,38,CHIRIQUÍ,ALANJE,QUEREVALO,4.0,2.0,1.0,0.0,0.0,1.0,334351.370072106,923221.111554184,ba0faecd-9051-4a22-91a9-ddf9513bb2c9
38,39,CHIRIQUÍ,ALANJE,SANTO TOMAS,14.0,0.0,11.0,0.0,0.0,3.0,317823.738238508,927833.371831622,13d20812-5c42-4090-9c4d-ae2f63a36078
39,40,CHIRIQUÍ,BARÚ,BACO,56.0,1.0,14.0,2.0,0.0,39.0,304855.027179253,925263.015422137,5a31f5e8-b54d-4cda-b3d3-9d05e8ba148f
40,41,CHIRIQUÍ,BARÚ,LIMONES,,,,,,,292504.373166534,896712.632876497,e0708713-cec9-4953-b08b-326d43f1b7ff
41,42,CHIRIQUÍ,BARÚ,PROGRESO,149.0,7.0,83.0,7.0,1.0,51.0,298296.202639732,935596.073751377,e1561089-2d22-44e4-99ca-2ee026771186
42,43,CHIRIQUÍ,BARÚ,PUERTO ARMUELLES (CABECERA),219.0,6.0,96.0,19.0,1.0,97.0,288653.341259404,916618.605659843,7b5905a0-2dec-45b8-be12-37e9d9b53103
43,44,CHIRIQUÍ,BARÚ,RODOLFO AGUILAR DELGADO,178.0,3.0,56.0,11.0,1.0,107.0,291436.275207612,925711.335441653,1518534a-b818-4a51-b2f4-6eb70a0951c4
44,45,CHIRIQUÍ,BOQUERÓN,BAGALA,34.0,1.0,17.0,1.0,0.0,15.0,330306.886678861,941949.030633746,916095cb-40f5-4dd2-a0d9-b550ed4a125a
45,46,CHIRIQUÍ,BOQUERÓN,BOQUERON (CABECERA),63.0,3.0,32.0,2.0,0.0,26.0,326079.306287648,944437.239652702,4c16401b-c340-45c8-9f18-2e2629ee291d
46,47,CHIRIQUÍ,BOQUERÓN,CORDILLERA,,,,,,,323660.080979924,965459.181971878,50f2db0d-0709-4207-aed1-7279292edfb9
47,48,CHIRIQUÍ,BOQUERÓN,GUABAL,2.0,0.0,2.0,0.0,0.0,0.0,329849.437783313,952257.613108378,2f3796c4-c6f6-43da-a363-20e722801f4a
48,49,CHIRIQUÍ,BOQUERÓN,GUAYABAL,1.0,1.0,0.0,0.0,0.0,0.0,327387.336018557,957659.325565604,f7200f14-25c7-478b-99a1-f124cd20c99f
49,50,CHIRIQUÍ,BOQUERÓN,PARAISO,2.0,0.0,2.0,0.0,0.0,0.0,325786.755259525,963173.909506915,5c7891ec-0a50-48a7-b9a3-105fe7e0f01e
50,51,CHIRIQUÍ,BOQUERÓN,PEDREGAL,1.0,0.0,1.0,0.0,0.0,0.0,324184.351466728,938329.669663512,a596f8cb-bf9e-4bfb-81a5-622d1568fa40
51,52,CHIRIQUÍ,BOQUERÓN,TIJERAS,15.0,0.0,0.0,0.0,0.0,15.0,327416.527546163,936770.982525375,f67851af-99be-4b02-b82a-1692191c8baa
52,53,CHIRIQUÍ,BOQUETE,ALTO BOQUETE,58.0,1.0,34.0,1.0,0.0,22.0,343370.263107145,959438.323555251,55c55740-99ce-4297-b7d3-16c7f28a92ff
53,54,CHIRIQUÍ,BOQUETE,BAJO BOQUETE,22.0,2.0,13.0,1.0,0.0,6.0,339654.935971288,970796.489728634,cd5b8a64-367f-4e9d-9d93-f97fc885d6c9
54,55,CHIRIQUÍ,BOQUETE,CALDERA,4.0,0.0,4.0,0.0,0.0,0.0,352590.811690043,963501.190580884,c9b74dbe-4656-44ba-a935-a90e39105517
55,56,CHIRIQUÍ,BOQUETE,JARAMILLO,1.0,0.0,1.0,0.0,0.0,0.0,347963.480005768,969425.352852077,24cbd5f3-c3c2-4463-b77c-8e048e259ca1
56,57,CHIRIQUÍ,BOQUETE,LOS NARANJOS,36.0,0.0,29.0,1.0,0.0,6.0,338295.92801176,976079.525805111,7524c0a1-baf4-4f22-9ecc-14d2b1eee56e
57,58,CHIRIQUÍ,BOQUETE,PALMIRA,8.0,0.0,8.0,0.0,0.0,0.0,336097.69624316,968905.165828291,e6ad6a72-f233-41ec-995d-36f97bb241a9
58,59,CHIRIQUÍ,BUGABA,ASERRIO DE GARICHE,29.0,2.0,15.0,0.0,0.0,12.0,304182.453838584,939962.308340233,ded0804a-5e31-4f32-abfe-80d89f3c688e
59,60,CHIRIQUÍ,BUGABA,BUGABA,203.0,11.0,132.0,1.0,1.0,58.0,321586.962022615,937961.595512964,c1382255-a6e3-4a16-850c-75632dba4599
60,61,CHIRIQUÍ,BUGABA,EL BONGO,,,,,,,322578.318562602,951652.388128473,98b9be75-7415-4c0b-85c1-f8a93464ec06
61,62,CHIRIQUÍ,BUGABA,GOMEZ,3.0,1.0,1.0,0.0,0.0,1.0,307453.232287419,947542.80949542,89472922-44df-45d4-9bc2-1bf25bb5619b
62,63,CHIRIQUÍ,BUGABA,LA CONCEPCION (CABECERA),67.0,3.0,41.0,1.0,0.0,22.0,320070.562422004,946892.120444032,55810f80-8894-4b1c-a3bd-5df815b47427
63,64,CHIRIQUÍ,BUGABA,LA ESTRELLA,17.0,2.0,7.0,3.0,0.0,5.0,316405.631648336,939840.104272816,e8094bf0-7302-4b78-9eb6-a6a2a228a0cb
64,65,CHIRIQUÍ,BUGABA,LA MATA,6.0,0.0,6.0,0.0,0.0,0.0,310965.998949458,955885.119371395,8c3549dd-18af-408f-98d6-b53cb60164bb
65,66,CHIRIQUÍ,BUGABA,SAN ISIDRO,11.0,0.0,3.0,0.0,0.0,8.0,300925.364971759,942568.603671972,75076b24-e1bf-4348-8623-9adef67f01ff
66,67,CHIRIQUÍ,BUGABA,SANTA MARTA,32.0,3.0,16.0,4.0,0.0,9.0,312796.617701973,941701.144386185,5578dc7e-fe81-4d3c-9aa9-b4fa93822d18
67,68,CHIRIQUÍ,BUGABA,SANTA ROSA,,,,,,,315445.104424152,952749.27336991,82e71a74-2c1e-442c-b777-b55b441afca4
68,69,CHIRIQUÍ,BUGABA,SANTO DOMINGO,8.0,0.0,4.0,0.0,0.0,4.0,308732.897468508,938698.438972568,62f8917f-8b21-4102-a2e6-8c7c75a8ed67
69,70,CHIRIQUÍ,BUGABA,SOLANO,9.0,2.0,5.0,1.0,0.0,1.0,322804.01842666,942229.053676595,77c02447-8a30-4b36-97d5-e4b427d4f0bf
70,71,CHIRIQUÍ,BUGABA,SORTOVA,5.0,1.0,3.0,0.0,0.0,1.0,318275.211206316,949075.685266733,38183176-7570-4c71-ba36-3152b3ad243c
71,72,CHIRIQUÍ,DAVID,BIJAGUAL,2.0,0.0,1.0,0.0,1.0,0.0,353527.593928915,940778.57693629,1b47bbe4-3fa5-4b41-a17f-5b9c3acb873d
72,73,CHIRIQUÍ,DAVID,CHIRIQUI,35.0,0.0,32.0,0.0,0.0,3.0,357328.394360835,925497.149514126,8b03eef5-59d5-42d3-8b17-69a2ae694d28
73,74,CHIRIQUÍ,DAVID,COCHEA,4.0,0.0,3.0,0.0,0.0,1.0,349084.197955361,946203.117001151,0024bf3f-597a-4ae8-ab60-b067790ed216
74,75,CHIRIQUÍ,DAVID,DAVID (CABECERA),884.0,29.0,378.0,23.0,5.0,449.0,343317.071770489,934432.943761853,6d02865f-d117-4df1-a993-3947565055f3
75,76,CHIRIQUÍ,DAVID,DAVID ESTE,18.0,1.0,7.0,3.0,0.0,7.0,344632.726519572,926674.439868336,65e1fc65-8e91-4b61-80e6-5d9b9281ae31
76,77,CHIRIQUÍ,DAVID,DAVID SUR,39.0,2.0,25.0,2.0,0.0,10.0,340676.223262433,928803.636250663,44012c78-c504-4f6e-af04-0f231f6dea30
77,78,CHIRIQUÍ,DAVID,GUACA,2.0,0.0,0.0,0.0,0.0,2.0,334670.457552301,950408.517464672,bc97e053-3e7e-42ff-8a1e-22d5e68baf68
78,79,CHIRIQUÍ,DAVID,LAS LOMAS,167.0,11.0,93.0,4.0,0.0,59.0,348405.684287298,933469.597156679,5c2ef16b-5de9-4d62-a2a6-cac609530ea2
79,80,CHIRIQUÍ,DAVID,PEDREGAL,150.0,8.0,55.0,3.0,0.0,84.0,348244.123244278,915038.083971091,23a7317d-cb6e-447a-8019-205927622967
80,81,CHIRIQUÍ,DAVID,SAN CARLOS,10.0,0.0,8.0,0.0,0.0,2.0,333804.301575898,943082.015774754,7f2ec140-446b-45e4-8937-94f62c4ae06f
81,82,CHIRIQUÍ,DAVID,SAN PABLO NUEVO,20.0,0.0,4.0,1.0,1.0,14.0,335980.230942216,927678.140219801,285f5342-342a-45c0-8a47-dd73f4baf27e
82,83,CHIRIQUÍ,DAVID,SAN PABLO VIEJO,54.0,0.0,29.0,1.0,0.0,24.0,336398.68790378,935546.7193262,49b207c4-0a48-4869-89f9-4c1e951dbd5e
83,84,CHIRIQUÍ,DOLEGA,DOLEGA (CABECERA),114.0,3.0,88.0,2.0,0.0,21.0,342974.862877088,948040.117860982,68bc7aa3-9490-4980-bff0-48a885d96170
84,85,CHIRIQUÍ,DOLEGA,DOS RIOS,3.0,1.0,2.0,0.0,0.0,0.0,347055.657088456,943715.127687186,6ea22430-25d9-4d21-bf07-4994951c5fe4
85,86,CHIRIQUÍ,DOLEGA,LOS ALGARROBOS,43.0,3.0,26.0,3.0,0.0,11.0,341947.731463236,943517.242356174,30b01991-1f04-4c59-b913-8b43a69a3c86
86,87,CHIRIQUÍ,DOLEGA,LOS ANASTACIOS,17.0,0.0,5.0,0.0,0.0,12.0,344267.170273151,943461.65389952,0229eeca-a6f9-4147-8f47-6b8aae7025fa
87,88,CHIRIQUÍ,DOLEGA,POTRERILLOS,3.0,0.0,2.0,0.0,0.0,1.0,335695.127585074,963529.391666235,28e8d600-3aa9-462a-b9c7-e9b5c4bea149
88,89,CHIRIQUÍ,DOLEGA,POTRERILLOS  ABAJO,2.0,0.0,2.0,0.0,0.0,0.0,338619.423660383,955042.288223772,72856762-61b2-4a50-abba-937ccf7e976b
89,90,CHIRIQUÍ,DOLEGA,ROVIRA,,,,,,,333034.622092868,960194.964262996,68624b4c-5c4a-4275-8fca-c375209c7357
90,91,CHIRIQUÍ,DOLEGA,TINAJAS,2.0,0.0,1.0,0.0,0.0,1.0,338044.196521973,947566.012681815,f55d0f89-dd11-4b72-bfe8-05519a979392
91,92,CHIRIQUÍ,GUALACA,GUALACA (CABECERA),43.0,2.0,30.0,3.0,0.0,8.0,362162.680963159,948724.946611182,08c3ebbb-1325-4330-a6f1-154864a67bfd
92,93,CHIRIQUÍ,GUALACA,HORNITO,1.0,0.0,1.0,0.0,0.0,0.0,365931.365746484,963278.521762499,385e601b-8e42-4251-aef6-6747d1fec114
93,94,CHIRIQUÍ,GUALACA,LOS ANGELES,,,,,,,368751.599837646,943209.210859325,a37695c1-0b9d-4a62-ad34-51de0dbed0ab
94,95,CHIRIQUÍ,GUALACA,PAJA DE SOMBRERO,,,,,,,355827.627942704,956842.877677622,af31aefd-d603-4ed5-b98e-fdad21b1b93f
95,96,CHIRIQUÍ,GUALACA,RINCON,4.0,0.0,2.0,0.0,0.0,2.0,363106.961758793,935730.796458136,e7df401f-99d2-4e80-a037-b8d6063d6227
96,97,CHIRIQUÍ,REMEDIOS,EL NANCITO,1.0,0.0,1.0,0.0,0.0,0.0,417614.46518098,911481.023094597,f71fa3c8-ba15-4753-9481-d87dc81b1a1e
97,98,CHIRIQUÍ,REMEDIOS,EL PORVENIR,6.0,0.0,4.0,0.0,0.0,2.0,407787.84281564,914951.203037804,8040cf1e-9547-406f-a0ca-6cef17c93600
98,99,CHIRIQUÍ,REMEDIOS,EL PUERTO,,,,,,,413593.500375776,906507.944818206,565e5bb5-a565-447b-bb25-fe5934faf278
99,100,CHIRIQUÍ,REMEDIOS,REMEDIOS (CABECERA),11.0,2.0,6.0,0.0,0.0,3.0,410443.622094056,904661.35454289,09178535-ed8a-4e90-b090-ec9fb3f6d530
100,101,CHIRIQUÍ,REMEDIOS,SANTA LUCIA,,,,,,,411891.413774147,912253.52060238,82a8003e-e39f-4cb7-b39b-6886be8cc589
101,102,CHIRIQUÍ,RENACIMIENTO,BREÑON,,,,,,,300197.65321051,953620.966167332,065868cb-c94b-44bd-8e9c-f1de3a388d9c
102,103,CHIRIQUÍ,RENACIMIENTO,CAÑAS GORDAS,2.0,0.0,0.0,0.0,0.0,2.0,294449.830954902,964447.296818982,93673864-2c33-4a15-910f-f0a8cccf42e3
103,104,CHIRIQUÍ,RENACIMIENTO,DOMINICAL,2.0,0.0,2.0,0.0,0.0,0.0,306702.561090059,963597.931126191,855c9bf6-676a-4920-996b-1dd04e0784ea
104,105,CHIRIQUÍ,RENACIMIENTO,MONTE LIRIO,3.0,0.0,2.0,0.0,0.0,1.0,301551.609321125,972849.227474862,d1f3e8fa-7553-43eb-9229-c4e3818d3c74
105,106,CHIRIQUÍ,RENACIMIENTO,PLAZA CAISAN,3.0,0.0,0.0,0.0,0.0,3.0,304923.602675499,968574.140261105,1f600efd-6f78-44b9-813f-480904b403ca
106,107,CHIRIQUÍ,RENACIMIENTO,RIO SERENO (CABECERA),6.0,1.0,2.0,2.0,0.0,1.0,302003.963100685,980461.387953122,1c59f1e6-c82a-47e0-8f55-b3b57023ca93
107,108,CHIRIQUÍ,RENACIMIENTO,SANTA CLARA,,,,,,,305014.532303798,978357.156327792,451d0c35-085e-402b-88e2-fcc06404f8f7
108,109,CHIRIQUÍ,RENACIMIENTO,SANTA CRUZ,2.0,0.0,1.0,0.0,0.0,1.0,305847.724843085,956255.30593881,efffe144-1aaa-4d65-9b22-84606113eecc
109,110,CHIRIQUÍ,SAN FÉLIX,JUAY,,,,,,,394290.863487604,917141.825552371,f4ea2929-20b5-43c3-83ed-204ea4c6554f
110,111,CHIRIQUÍ,SAN FÉLIX,LAJAS ADENTRO,4.0,0.0,4.0,0.0,0.0,0.0,399113.046783702,906092.957302547,43ead7e2-f09f-4fcd-93fa-d686051b53d3
111,112,CHIRIQUÍ,SAN FÉLIX,LAS LAJAS (CABECERA),3.0,0.0,1.0,0.0,0.0,2.0,404763.629600488,907321.941485993,ee6b0e7a-732b-4869-ab4b-756135743efd
112,113,CHIRIQUÍ,SAN FÉLIX,SAN FELIX,57.0,2.0,31.0,0.0,2.0,22.0,402445.557712529,918840.62955646,5401c878-9c11-47e7-9501-c8898554d773
113,114,CHIRIQUÍ,SAN FÉLIX,SANTA CRUZ,,,,,,,398615.302116354,911301.30832874,f189da95-36a8-4d77-979a-43eb4bcd38d7
114,115,CHIRIQUÍ,SAN LORENZO,BOCA CHICA,1.0,1.0,0.0,0.0,0.0,0.0,368127.378873737,910054.747759671,4a1b1051-50ca-47d2-aae0-f50ecb816723
115,116,CHIRIQUÍ,SAN LORENZO,BOCA DEL MONTE,4.0,0.0,3.0,0.0,0.0,1.0,375672.580132326,928771.182383478,16a54ab2-8d0e-466c-9047-006b5f62d95c
116,117,CHIRIQUÍ,SAN LORENZO,HORCONCITOS (CABECERA),,,,,,,372437.094921561,917440.034919545,cac2a9ac-dd03-495b-a24b-eb7752d3bc8c
117,118,CHIRIQUÍ,SAN LORENZO,SAN JUAN,5.0,1.0,2.0,0.0,0.0,2.0,389380.359659072,914530.723410895,50ec57fe-8055-4b0c-923a-83972abfa9a0
118,119,CHIRIQUÍ,SAN LORENZO,SAN LORENZO,44.0,2.0,28.0,0.0,0.0,14.0,382134.974042592,915316.474875946,0ad6c66c-d9dd-40ca-853a-985adfcb3fe5
119,120,CHIRIQUÍ,TIERRAS ALTAS ,CERRO PUNTA,145.0,1.0,142.0,1.0,1.0,0.0,325685.881487466,981038.269466401,ca75773c-143e-42a3-9050-fe34a7ff9713
120,121,CHIRIQUÍ,TIERRAS ALTAS ,CUESTA DE PIEDRA,1.0,0.0,1.0,0.0,0.0,0.0,320883.908143001,962044.616113878,6bd2bbde-53a3-41de-9ff2-495a84aa96d6
121,122,CHIRIQUÍ,TIERRAS ALTAS ,NUEVA CALIFORNIA,8.0,0.0,5.0,0.0,1.0,2.0,315446.877291534,978169.566352867,230d5541-1931-4973-a458-31d1514a798a
122,123,CHIRIQUÍ,TIERRAS ALTAS ,PASO ANCHO,38.0,1.0,32.0,2.0,0.0,3.0,324093.81689189,975937.217283291,32ffbe13-8edf-46f1-a526-c5d83baf8f87
123,124,CHIRIQUÍ,TIERRAS ALTAS ,VOLCAN (CABECERA),55.0,3.0,44.0,1.0,0.0,7.0,317043.539777475,965721.09285614,b5747f8f-4691-487b-b8d9-46a6fbfb114a
124,125,CHIRIQUÍ,TOLÉ,BELLA VISTA,,,,,,,432876.661491912,905754.922165161,31364297-4938-4657-9af7-85a7d3855615
125,126,CHIRIQUÍ,TOLÉ,CERRO VIEJO,,,,,,,436903.608649414,912379.425382014,b693a962-d726-426f-8443-e02f1db65c8f
126,127,CHIRIQUÍ,TOLÉ,EL CRISTO,,,,,,,433836.989376842,920000.300732614,cdfd2f3f-d73c-4737-afc6-fa808adb804f
127,128,CHIRIQUÍ,TOLÉ,JUSTO FIDEL PALACIOS,,,,,,,441049.513113176,920516.408333687,d509a125-5045-478a-ae43-a59ed6d65586
128,129,CHIRIQUÍ,TOLÉ,LAJAS DE TOLE,,,,,,,425977.845882399,901630.686030161,f2fa5f8a-ae65-4434-9c07-50811197a002
129,130,CHIRIQUÍ,TOLÉ,POTRERO DE CAÑA,3.0,0.0,3.0,0.0,0.0,0.0,423478.942914179,915059.014961142,009e5557-a38a-4cb1-8fa0-440a245f99ba
130,131,CHIRIQUÍ,TOLÉ,QUEBRADA DE PIEDRA,1.0,0.0,0.0,0.0,0.0,1.0,425501.386667715,893402.32720086,8c1b1a14-c6af-4c67-aff7-4507ce154e6b
131,132,CHIRIQUÍ,TOLÉ,TOLE (CABECERA),13.0,0.0,7.0,0.0,1.0,5.0,422266.023404874,908679.263557261,87e9a807-8fb1-44b6-8e68-3bf817dfb7ff
132,133,CHIRIQUÍ,TOLÉ,VELADERO,,,,,,,429213.599042837,910652.543836675,ea3daa8f-5929-4721-bc57-e4394a116a23
133,134,COCLÉ,AGUADULCE,AGUADULCE (CABECERA),69.0,3.0,28.0,2.0,0.0,36.0,553208.391581272,913016.015441122,da854e38-880b-4bd0-ab37-93912b63acdd
134,135,COCLÉ,AGUADULCE,BARRIOS UNIDOS,13.0,0.0,4.0,0.0,0.0,9.0,552485.996461188,907149.79132259,1b5f943f-ab4e-4474-bc10-7fe75aa43a78
135,136,COCLÉ,AGUADULCE,EL CRISTO,3.0,0.0,0.0,0.0,0.0,3.0,541052.074667517,912661.785726015,8937ec68-e635-4cf4-bcce-2bcc419158a1
136,137,COCLÉ,AGUADULCE,EL HATO DE SAN JUAN DE DIOS,3.0,0.0,3.0,0.0,0.0,0.0,535429.8686203,914855.357046038,de3f8e68-09c2-488e-91a0-e22fbf6f951a
137,138,COCLÉ,AGUADULCE,EL ROBLE,19.0,1.0,5.0,0.0,0.0,13.0,547400.018274417,901295.883713834,0f208044-b71c-425a-99f0-b54ece03190a
138,139,COCLÉ,AGUADULCE,POCRI,35.0,0.0,22.0,0.0,0.0,13.0,550545.83940231,913248.117462668,26628b41-aa6c-4e07-9984-eef88a5ecdce
139,140,COCLÉ,AGUADULCE,PUEBLOS UNIDOS,4.0,0.0,4.0,0.0,0.0,0.0,534455.717650043,905542.978208018,ae825d22-ede0-46f7-85cb-205b0873e72e
140,141,COCLÉ,AGUADULCE,VIRGEN DEL CARMEN,7.0,0.0,6.0,0.0,0.0,1.0,546579.15477635,912708.414402658,9898b68f-2637-4b6f-ad56-a2a324f8fa9b
141,142,COCLÉ,ANTÓN,ANTON (CABECERA),42.0,0.0,21.0,2.0,0.0,19.0,579418.258406771,926558.404189408,1bd3c391-bc05-41d3-9e47-59f71e72e932
142,143,COCLÉ,ANTÓN,CABALLERO,8.0,0.0,4.0,0.0,0.0,4.0,587666.539810034,943323.406799125,f94b6d6c-f6f0-4734-8a68-efabf76154f5
143,144,COCLÉ,ANTÓN,CABUYA,5.0,0.0,1.0,0.0,0.0,4.0,595040.393653273,944542.701163651,246b1639-8b61-4162-a8d7-8327ce20fd7d
144,145,COCLÉ,ANTÓN,EL CHIRU,4.0,0.0,3.0,0.0,0.0,1.0,586034.682532684,924894.277249525,426c98f6-d0f6-4930-b0c6-81a429f0bf43
145,146,COCLÉ,ANTÓN,EL RETIRO,2.0,0.0,2.0,0.0,0.0,0.0,590746.578322537,933819.022041867,9c40a83a-fa9d-4155-9376-bdca167556fc
146,147,COCLÉ,ANTÓN,EL VALLE,34.0,0.0,19.0,2.0,0.0,13.0,595851.569579557,952642.070644019,a092780a-fb0a-4b64-aba3-a71aefd0e3c4
147,148,COCLÉ,ANTÓN,JUAN DIAZ,2.0,0.0,2.0,0.0,0.0,0.0,575581.493718173,928953.012891255,110effbb-5425-4f3b-8463-34bcc3934c93
148,149,COCLÉ,ANTÓN,RIO HATO,49.0,1.0,9.0,2.0,0.0,37.0,597175.099845631,931216.715334451,9f6caeeb-f092-4911-bc54-6955122a9242
149,150,COCLÉ,ANTÓN,SAN JUAN DE DIOS,6.0,1.0,0.0,0.0,0.0,5.0,584183.547921059,944516.640152568,c9844526-d85a-44eb-b4d6-325b034d6f4e
150,151,COCLÉ,ANTÓN,SANTA RITA,,,,,,,588793.840595604,939016.252470505,4bea5868-f4d5-4b6d-8097-caaf81747f14
151,152,COCLÉ,LA PINTADA,EL HARINO,13.0,0.0,10.0,0.0,1.0,2.0,541687.57969936,960702.875059755,ea01e1ef-49bf-4e5a-a74d-183f81ba4a6f
152,153,COCLÉ,LA PINTADA,EL POTRERO,6.0,0.0,5.0,0.0,0.0,1.0,553402.909933791,944581.39321204,fe52a6e7-50c9-4d64-ac32-bf029926fd95
153,154,COCLÉ,LA PINTADA,LA PINTADA (CABECERA),29.0,0.0,6.0,0.0,0.0,23.0,559909.508702033,948471.283990553,f4f831c8-7a36-496d-a612-eeb8970f11dc
154,155,COCLÉ,LA PINTADA,LAS LOMAS,13.0,0.0,11.0,0.0,0.0,2.0,538364.794528298,952176.247610674,fc6b9103-1193-4e4c-84f1-b5cfcbba77e9
155,156,COCLÉ,LA PINTADA,LLANO GRANDE,5.0,0.0,1.0,1.0,0.0,3.0,561643.220534692,957786.723649504,57e2c84b-1b6e-4f71-97e6-f8c2f39f3f44
156,157,COCLÉ,LA PINTADA,LLANO NORTE,1.0,0.0,0.0,0.0,0.0,1.0,556785.583846743,974719.928180942,2288dfb9-755e-4db4-ad7f-1ca3068b4156
157,158,COCLÉ,LA PINTADA,PIEDRAS GORDAS,5.0,0.0,4.0,0.0,0.0,1.0,551406.985682853,960723.142370309,e86e29db-8ddf-4acc-96f4-aff244684b4b
158,159,COCLÉ,NATÁ,CAPELLANIA,9.0,0.0,7.0,0.0,0.0,2.0,549494.027991447,917075.070171617,efd379a8-c6ef-4943-ad0d-7c3c2267e2fe
159,160,COCLÉ,NATÁ,EL CAÑO,22.0,0.0,18.0,1.0,0.0,3.0,550552.882806151,933013.731207643,a80218d9-9c9d-4406-a9f3-7d55df008fbe
160,161,COCLÉ,NATÁ,GUZMAN,,,,,,,545383.434518209,944236.220655335,0eddd3ec-028c-400b-b2af-82229056ddc1
161,162,COCLÉ,NATÁ,LAS HUACAS,,,,,,,526085.801367098,938677.264773634,bb7eda37-142a-46c8-8ba6-550aef67160c
162,163,COCLÉ,NATÁ,NATA (CABECERA),42.0,1.0,22.0,2.0,0.0,17.0,557288.085745271,919184.537782958,e8bedbfb-a405-47bf-ade2-2db48f75e48d
163,164,COCLÉ,NATÁ,TOZA,1.0,0.0,0.0,0.0,0.0,1.0,540611.146171622,924684.918376556,076eb15a-1cad-456e-8f0c-54def48e3370
164,165,COCLÉ,NATÁ,VILLARREAL,7.0,0.0,1.0,0.0,0.0,6.0,540120.530144465,920110.893538529,e5ae5f57-8aea-467e-8e76-69757669a9fd
165,166,COCLÉ,OLÁ,EL COPE,2.0,0.0,2.0,0.0,0.0,0.0,532174.734139625,936320.428464698,0a4f28f7-31e4-4637-96f6-4d98540dd8f9
166,167,COCLÉ,OLÁ,EL PALMAR,,,,,,,531661.003734763,947300.201363319,e1293cf0-3328-4c4f-accc-30ab8fdd5b1a
167,168,COCLÉ,OLÁ,EL PICACHO,,,,,,,539515.083129299,927441.857141953,cf34c65e-c01b-4656-9f91-ce36d58ba488
168,169,COCLÉ,OLÁ,LA PAVA,5.0,1.0,3.0,0.0,0.0,1.0,543001.984790783,936195.561051464,5ed9c8f5-b811-4447-9599-73cdc5be9bb5
169,170,COCLÉ,OLÁ,OLA  (CABECERA),7.0,0.0,0.0,0.0,0.0,7.0,537396.178570515,935773.462378227,6b89f3f8-d7fd-4c27-8fb6-f404b11a9e8d
170,171,COCLÉ,PENONOMÉ,CAÑAVERAL,29.0,0.0,19.0,0.0,0.0,10.0,564168.913573587,942071.138824946,fa5f5935-ffea-4604-81fe-d53d79f24b76
171,172,COCLÉ,PENONOMÉ,CHIGUIRI ARRIBA,5.0,0.0,1.0,0.0,0.0,4.0,590576.560594292,962947.371281884,d514533d-3d0a-42c7-96ee-645ff8ae97de
172,173,COCLÉ,PENONOMÉ,COCLE,10.0,0.0,4.0,0.0,0.0,6.0,563639.999561243,929396.272202756,f46ddfea-9f66-4b76-9a80-92e3b15810e1
173,174,COCLÉ,PENONOMÉ,EL COCO,26.0,1.0,3.0,1.0,0.0,21.0,571076.598630016,929779.714667746,2b129393-f943-4b3b-9826-05722fac5c3e
174,175,COCLÉ,PENONOMÉ,PAJONAL,45.0,1.0,34.0,0.0,0.0,10.0,581807.83255978,949699.473475558,b1f1eb38-0eee-47a3-a01a-d9a8db96f8c1
175,176,COCLÉ,PENONOMÉ,PENONOME (CABECERA),111.0,4.0,64.0,2.0,0.0,41.0,570641.263196649,942812.614018249,cb780a2d-c0a0-4d13-8994-153294594b23
176,177,COCLÉ,PENONOMÉ,RIO GRANDE,3.0,0.0,3.0,0.0,0.0,0.0,557692.927609595,933762.169840483,e6928d33-b2ad-4884-a0d3-7985f1088ae0
177,178,COCLÉ,PENONOMÉ,RIO INDIO,,,,,,,585107.478770335,984620.939672649,afc1b439-7f9b-4c85-97bf-1a35c388d32b
178,179,COCLÉ,PENONOMÉ,TOABRE,61.0,1.0,11.0,1.0,0.0,48.0,576822.918178521,965931.899816667,185d5e56-7db9-4450-b314-fa7fcab6516b
179,180,COCLÉ,PENONOMÉ,TULU,2.0,0.0,0.0,0.0,0.0,2.0,567255.716736443,964222.938204773,5129cdf6-1677-4639-b22c-a854467f7fb8
180,181,COLÓN,CHAGRES,ACHIOTE,3.0,0.0,2.0,0.0,0.0,1.0,606584.898104321,1017630.03414175,4609d88d-bdb6-4c48-b242-b9a57f157d27
181,182,COLÓN,CHAGRES,EL GUABO,1.0,0.0,1.0,0.0,0.0,0.0,601184.674296318,1007493.23149201,a12257b7-3f05-4ff2-81c6-f83c3bdef207
182,183,COLÓN,CHAGRES,LA ENCANTADA,,,,,,,593194.161010307,999589.480717474,5c71a414-18b1-41ac-9496-34fe3ba0ddb7
183,184,COLÓN,CHAGRES,NUEVO CHAGRES (CABECERA),6.0,1.0,4.0,0.0,0.0,1.0,601963.762131587,1021994.24856039,de64224b-4b31-4fd5-8e52-a7f91603e14c
184,185,COLÓN,CHAGRES,PALMAS BELLAS,15.0,1.0,12.0,1.0,0.0,1.0,600715.982838844,1015186.22121362,c9d918ff-1ff0-4243-a7ec-63f1668f4a56
185,186,COLÓN,CHAGRES,PIÑA,5.0,1.0,3.0,0.0,0.0,1.0,606975.702825155,1024139.15680072,cdabbb0b-c144-45e3-92fb-e45524c6d57b
186,187,COLÓN,CHAGRES,SALUD,4.0,1.0,3.0,0.0,0.0,0.0,594289.747920103,1011101.22300474,c7f1ef3f-fba3-435e-b9bc-80e763db5d88
187,188,COLÓN,COLÓN,BARRIO NORTE,231.0,16.0,105.0,11.0,0.0,99.0,620706.527887551,1035104.16164991,cc3b707a-26c0-48ec-8566-2eb438d872fc
188,189,COLÓN,COLÓN,BARRIO SUR,140.0,12.0,59.0,6.0,1.0,62.0,621298.889742259,1034079.10762139,fbdf37d8-a8c5-4c28-87d9-2b26e18fb42f
189,190,COLÓN,COLÓN,BUENA VISTA,287.0,6.0,176.0,5.0,0.0,100.0,644371.254689732,1026530.7553589,b7de884f-74fe-4600-b906-b770cdc1c9b3
190,191,COLÓN,COLÓN,CATIVA,498.0,18.0,269.0,11.0,4.0,196.0,628400.523748038,1035241.19669697,e9569885-9313-46a7-8470-dd601d85389c
191,192,COLÓN,COLÓN,CIRICITO,24.0,1.0,8.0,0.0,0.0,15.0,603516.823983075,997216.450206968,7c2a5b63-45f0-4d1e-b7d8-baf9b7695c9f
192,193,COLÓN,COLÓN,CRISTOBAL,781.0,37.0,346.0,28.0,4.0,366.0,620328.504422157,1031126.21002641,197b214e-1e03-4a98-89bc-40c739988138
193,194,COLÓN,COLÓN,CRISTÓBAL ESTE,381.0,15.0,228.0,7.0,2.0,129.0,623637.841260901,1032684.58798333,40780a60-1b48-45be-9b51-58d381a3ef1d
194,195,COLÓN,COLÓN,ESCOBAL,28.0,1.0,18.0,0.0,0.0,9.0,608997.528176608,1011159.80860907,f33ec170-fa70-4e76-964f-2ea5e5108f8a
195,196,COLÓN,COLÓN,LIMON,60.0,5.0,35.0,2.0,0.0,18.0,636979.693385526,1024151.40027295,ffa917b1-620a-4376-8a44-3c5e1a0f2f1d
196,197,COLÓN,COLÓN,NUEVA PROVIDENCIA,82.0,5.0,56.0,2.0,0.0,19.0,631481.044168093,1027770.2586574,0dddd290-29ef-4077-9b74-a28d57c3a134
197,198,COLÓN,COLÓN,PUERTO PILON,196.0,5.0,127.0,2.0,1.0,61.0,637138.416316259,1034530.29616699,5e91edc3-1b90-4e45-9c4e-6965b4270044
198,199,COLÓN,COLÓN,SABANITAS,707.0,20.0,376.0,15.0,3.0,293.0,631770.370926286,1032205.19398834,f96e5398-3f61-4a0a-9a90-b39181f3427b
199,200,COLÓN,COLÓN,SALAMANCA,58.0,1.0,25.0,2.0,0.0,30.0,653499.810553476,1037090.84057839,23c33187-6091-4b83-b957-e558e738f2a0
200,201,COLÓN,COLÓN,SAN JUAN,376.0,3.0,163.0,6.0,1.0,203.0,649710.029665633,1021783.71203383,469ea87d-eaff-497c-8033-a1eb920547cb
201,202,COLÓN,COLÓN,SANTA ROSA,11.0,0.0,9.0,0.0,0.0,2.0,645065.627344429,1017868.09932453,755cba6f-1144-4473-ad06-805c2df2838c
202,203,COLÓN,DONOSO,COCLE DEL NORTE,1.0,0.0,0.0,1.0,0.0,0.0,538954.950298451,985048.391157786,c5ad5b0d-ba61-4e4b-bef8-2f972dab3a2a
203,204,COLÓN,DONOSO,EL GUASIMO,1.0,0.0,0.0,0.0,0.0,1.0,573182.77274022,994894.133317526,c13231bb-6316-4c51-a152-b0b60cea64f4
204,205,COLÓN,DONOSO,GOBEA,,,,,,,584759.150512961,1009387.72546702,746c635c-d6bc-4a08-bbfd-6bc3ab828852
205,206,COLÓN,DONOSO,MIGUEL DE LA BORDA (CABECERA),1.0,0.0,1.0,0.0,0.0,0.0,568997.353529828,1005103.9248436,f92bd2e3-f39b-41b3-9f1a-7bdf8ef785cd
206,207,COLÓN,DONOSO,RIO INDIO,1.0,0.0,0.0,1.0,0.0,0.0,588213.553169511,1002378.67889203,1cd40e9b-b105-4fcc-8541-3134d77478ef
207,208,COLÓN,OMAR TORRIJOS HERRERA,NUEVA ESPERANZA,170.0,0.0,1.0,3.0,0.0,166.0,542800.944907221,982581.229203234,9238c85b-3424-4b92-9434-8f85078bdd80
208,209,COLÓN,OMAR TORRIJOS HERRERA,SAN JOSE DEL GENERAL,4.0,0.0,0.0,0.0,0.0,4.0,547677.287582031,981120.712008764,401ea8b2-c1b3-4121-b9bb-a90bb905a383
209,210,COLÓN,OMAR TORRIJOS HERRERA,SAN JUAN DE TURBE,,,,,,,541207.695870737,973754.114125993,b4a535bd-e6e9-43a7-bb4b-0e9f4cbfb151
210,211,COLÓN,PORTOBELO,CACIQUE,,,,,,,650179.869080479,1060986.5645275,e863fee4-0779-4ba8-8ad0-f22cc1e1fd73
211,212,COLÓN,PORTOBELO,ISLA GRANDE,,,,,,,659280.608155147,1061319.22932452,35376f63-2291-490f-8f4a-489f4296d927
212,213,COLÓN,PORTOBELO,MARIA CHIQUITA,14.0,0.0,8.0,0.0,0.0,6.0,640610.499647323,1040191.39193614,fb530e4c-7e04-44a2-a5d7-53504677c40a
213,214,COLÓN,PORTOBELO,PORTOBELO (CABECERA),58.0,0.0,34.0,2.0,0.0,22.0,650284.819804375,1050578.07669544,9d321b9b-dea0-4c45-bca0-29deeb348e3e
214,215,COLÓN,PORTOBELO,PUERTO LINDO O GARROTE,1.0,0.0,1.0,0.0,0.0,0.0,655433.564691373,1060043.45078762,68c18b46-5c54-4d65-ac62-94df334a1002
215,216,COLÓN,SANTA ISABEL,CUANGO,1.0,0.0,1.0,0.0,0.0,0.0,684652.517030764,1052793.68666531,2d79f144-33f7-43b1-a52e-a903c78238a1
216,217,COLÓN,SANTA ISABEL,MIRAMAR,1.0,0.0,1.0,0.0,0.0,0.0,682148.778170613,1056866.91001385,c80dc92c-a1ab-47cd-bd60-cece05cf13fe
217,218,COLÓN,SANTA ISABEL,NOMBRE DE DIOS,2.0,0.0,1.0,0.0,0.0,1.0,666880.351937345,1055082.15869053,1f604b5a-50cc-4dc6-868b-8e50ccfb3608
218,219,COLÓN,SANTA ISABEL,PALENQUE (CABECERA),8.0,1.0,6.0,0.0,0.0,1.0,678631.037016133,1049715.58839682,df86c944-a5ff-4e78-943a-ec7c6796564d
219,220,COLÓN,SANTA ISABEL,PALMIRA,1.0,0.0,0.0,0.0,0.0,1.0,695635.595637604,1045313.35584238,204184bb-9a90-4a83-86b7-b6962bb08524
220,221,COLÓN,SANTA ISABEL,PLAYA CHIQUITA,1.0,0.0,1.0,0.0,0.0,0.0,686579.345047392,1047953.12913904,860a1e0a-f89c-4067-b812-8bc9a7b8d22e
221,222,COLÓN,SANTA ISABEL,SANTA ISABEL,5.0,0.0,4.0,0.0,0.0,1.0,704400.610796981,1050851.38416394,16f27381-7e13-4221-af01-e09d323df54e
222,223,COLÓN,SANTA ISABEL,VIENTO FRIO,,,,,,,675553.547115652,1055290.10721892,d4686db4-b8c0-4503-9c98-d7a359af893c
223,224,COMARCA GUNA YALA,GUNA YALA,AILIGANDI,248.0,5.0,142.0,4.0,0.0,97.0,812191.534190785,1020534.04241237,310e048f-908c-4f3a-81b1-c93e84e87023
224,225,COMARCA GUNA YALA,GUNA YALA,NARGANA (CABECERA),186.0,1.0,23.0,16.0,0.0,146.0,736281.965639586,1038782.43528553,a2ae190f-d191-4338-ac0e-d8be7363faf3
225,226,COMARCA GUNA YALA,GUNA YALA,PUERTO OBALDIA,30.0,0.0,1.0,1.0,0.0,28.0,891618.279785592,953158.242525645,2ea1d320-7008-4145-8187-ee3ff2ad4a76
226,227,COMARCA GUNA YALA,GUNA YALA,TUBUALA,20.0,0.0,19.0,0.0,0.0,1.0,861367.463551126,981082.894526922,64d56eb7-1db1-4689-9c34-62e57d022408
227,228,COMARCA NGÄBE BUGLÉ,BESIKO,BOCA DE BALSA,2.0,0.0,0.0,1.0,0.0,1.0,386510.996329708,949575.988260239,5324a3b7-633b-4934-9023-79ddb16ca9d4
228,229,COMARCA NGÄBE BUGLÉ,BESIKO,CAMARON ARRIBA,2.0,0.0,1.0,0.0,0.0,1.0,390348.330732989,928054.889782886,dfb3f476-abe4-4f58-8ce0-d56bec718563
229,230,COMARCA NGÄBE BUGLÉ,BESIKO,CERRO BANCO,6.0,0.0,3.0,0.0,0.0,3.0,388509.687425829,936250.569374409,fb657b9b-79eb-411d-9aaf-da11b492d441
230,231,COMARCA NGÄBE BUGLÉ,BESIKO,CERRO DE PATENA,,,,,,,397279.57920108,933353.385189675,70c6c316-42f9-47d8-b5cc-b0b42d4697ba
231,232,COMARCA NGÄBE BUGLÉ,BESIKO,EMPLANADA DE CHORCHA,1.0,0.0,0.0,0.0,0.0,1.0,374386.873462172,951396.311597633,4d45f0f2-8a85-4e3a-8d3f-a60331c411cb
232,233,COMARCA NGÄBE BUGLÉ,BESIKO,NAMNONI,6.0,0.0,5.0,0.0,0.0,1.0,393244.414854456,925239.383733855,659ff38a-067a-4b82-83c5-ec837b82fe77
233,234,COMARCA NGÄBE BUGLÉ,BESIKO,NIBA,5.0,0.0,0.0,0.0,0.0,5.0,395038.23442076,946500.835636828,6c2626db-6aee-4114-9e40-4ee7031373ff
234,235,COMARCA NGÄBE BUGLÉ,BESIKO,SOLOY (CABECERA),22.0,1.0,12.0,0.0,0.0,9.0,379541.366840772,944566.728960861,04d79946-07d5-4973-9973-ca1c9b5ba582
235,236,COMARCA NGÄBE BUGLÉ,CALOVÉBORA O SANTA CATALINA,ALTO BILINGUE (GDOGUESHIA),,,,,,,469791.979138804,957260.475390307,da8fcd7d-bfc5-45b8-8bfd-84354a7d76cd
236,237,COMARCA NGÄBE BUGLÉ,CALOVÉBORA O SANTA CATALINA,CALOVÉBORA O SANTA CATALINA (BLEDESHIA),26.0,0.0,13.0,0.0,0.0,13.0,466798.61014975,966049.329458334,af2e2e3f-e70e-4dcf-9fa6-e44a7a69cd86
237,238,COMARCA NGÄBE BUGLÉ,CALOVÉBORA O SANTA CATALINA,LOMA YUCA (LJUICHO),,,,,,,453877.033220576,956356.654448072,88d9b18b-9709-4226-85d3-f1d2ff5c5591
238,239,COMARCA NGÄBE BUGLÉ,CALOVÉBORA O SANTA CATALINA,SAN PEDRITO ((JIKDI),,,,,,,447730.460912371,969129.327018872,527b90d2-09bd-43cd-a0c3-31356d601bde
239,240,COMARCA NGÄBE BUGLÉ,CALOVÉBORA O SANTA CATALINA,VALLE BONITO (DOGATA),,,,,,,471929.193188738,947793.334069087,394c7086-1e77-48cd-b579-108282f1fe3c
240,241,COMARCA NGÄBE BUGLÉ,JIRONDAI,BURI,50.0,0.0,9.0,1.0,0.0,40.0,363642.69411623,978101.948048486,cbdab460-ecd7-4729-98e3-024051f2f80e
241,242,COMARCA NGÄBE BUGLÉ,JIRONDAI,GUARIVIARA,,,,,,,393744.898491751,968152.477704184,3095b1e7-eb6b-486e-bec1-0a1948b97c02
242,243,COMARCA NGÄBE BUGLÉ,JIRONDAI,MAN CREEK,4.0,0.0,0.0,0.0,0.0,4.0,381777.363266813,979052.164464424,39c38e12-62e7-4130-9c80-b9089d50f087
243,244,COMARCA NGÄBE BUGLÉ,JIRONDAI,SAMBOA (CABECERA),7.0,0.0,0.0,0.0,0.0,7.0,384086.615293882,966469.881155825,b6585373-df33-4aa8-aff2-51e5cef71501
244,245,COMARCA NGÄBE BUGLÉ,JIRONDAI,TUWAI,111.0,0.0,53.0,1.0,0.0,57.0,354778.249981758,995211.939282891,5183ae66-3c85-4b97-8430-6c09ffa61d77
245,246,COMARCA NGÄBE BUGLÉ,KANKINTÚ,BISIRA (CABECERA),65.0,0.0,34.0,0.0,0.0,31.0,407242.390434426,985910.621095506,4f61b9e0-6b3a-4d0c-b696-ba65f7d92742
246,247,COMARCA NGÄBE BUGLÉ,KANKINTÚ,CALANTE,,,,,,,402792.717474002,970740.693017219,c8fb6a38-7832-4866-bb76-9e62f6399168
247,248,COMARCA NGÄBE BUGLÉ,KANKINTÚ,GUORONÍ,,,,,,,412864.956608153,965050.514871507,9c77578d-4c10-4815-9a5c-15ad0e195497
248,249,COMARCA NGÄBE BUGLÉ,KANKINTÚ,KANKINTÚ,134.0,0.0,49.0,2.0,0.0,83.0,409139.655344683,976385.653430224,74b14b68-9baf-492a-89ad-2f33650c68d9
249,250,COMARCA NGÄBE BUGLÉ,KANKINTÚ,MÜNÜNÍ,,,,,,,425084.21415335,955351.277968548,f83bf0af-716f-4605-ab80-018c7a03c120
250,251,COMARCA NGÄBE BUGLÉ,KANKINTÚ,PIEDRA ROJA,,,,,,,416861.729164787,953348.293303185,5ad02b93-97d1-4a43-8b17-17b247de617b
251,252,COMARCA NGÄBE BUGLÉ,KANKINTÚ,TOLOTE,1.0,0.0,0.0,0.0,0.0,1.0,414175.219231055,947048.768203013,ddef7cdc-00de-446f-b132-a944e0551a92
252,253,COMARCA NGÄBE BUGLÉ,KUSAPÍN,BAHIA AZUL,1.0,0.0,1.0,0.0,0.0,0.0,407293.742908318,1002863.55015385,a83c2ef5-60e6-4f33-946e-471fefea6cbf
253,254,COMARCA NGÄBE BUGLÉ,KUSAPÍN,CAÑAVERAL,4.0,0.0,0.0,0.0,0.0,4.0,420923.57068726,976782.955011935,98c4f3c2-7263-4de7-aabf-7821db552970
254,255,COMARCA NGÄBE BUGLÉ,KUSAPÍN,KUSAPIN (CABECERA),62.0,0.0,40.0,1.0,0.0,21.0,403410.853049648,1012579.90393729,978d0ffb-fea6-4abb-a219-d33260c4cecc
255,256,COMARCA NGÄBE BUGLÉ,KUSAPÍN,RIO CHIRIQUI,,,,,,,432379.293267206,969679.809231329,447a4c49-a9cc-44af-a3e0-e3f5c74db418
256,257,COMARCA NGÄBE BUGLÉ,KUSAPÍN,TOBOBE,,,,,,,412902.800128527,1001286.05716683,6275f8b6-af81-45f9-a871-4fcd48944312
257,258,COMARCA NGÄBE BUGLÉ,MIRONÓ,CASCABEL,2.0,0.0,0.0,1.0,0.0,1.0,403179.239483062,946180.177051496,ed40eaa9-2171-41f3-b326-cfed59b2d871
258,259,COMARCA NGÄBE BUGLÉ,MIRONÓ,HATO COROTI,1.0,0.0,1.0,0.0,0.0,0.0,394424.582760513,922239.078477704,c1b60fd1-0a53-44e3-a991-3b1a5a48f4ab
259,260,COMARCA NGÄBE BUGLÉ,MIRONÓ,HATO CULANTRO,1.0,0.0,1.0,0.0,0.0,0.0,404794.675317893,934816.638543663,24b8d6dd-3042-490f-ae54-98d5093f8bc7
260,261,COMARCA NGÄBE BUGLÉ,MIRONÓ,HATO JOBO,1.0,0.0,0.0,0.0,0.0,1.0,401004.553697761,928602.210792584,50b3ceff-fbf8-49df-b2fd-85166aaa5b0d
261,262,COMARCA NGÄBE BUGLÉ,MIRONÓ,HATO JULI,2.0,0.0,2.0,0.0,0.0,0.0,406259.129692339,923913.301151193,0d3843c8-aac9-48f9-9f94-83b520c9aedf
262,263,COMARCA NGÄBE BUGLÉ,MIRONÓ,HATO PILON (CABECERA),3.0,0.0,3.0,0.0,0.0,0.0,407955.215839281,927841.662820593,91a209c7-b950-456e-b495-30599f2ef8f1
263,264,COMARCA NGÄBE BUGLÉ,MIRONÓ,QUEBRADA DE LORO,,,,,,,398209.761155365,923098.323595534,77bbe5bd-0881-4dc9-ae2e-d483f4a38a9f
264,265,COMARCA NGÄBE BUGLÉ,MIRONÓ,SALTO DUPI,1.0,0.0,0.0,1.0,0.0,0.0,402264.673570531,923916.231935055,e2c911d0-1d9f-4d00-a19a-04992450962b
265,266,COMARCA NGÄBE BUGLÉ,MÜNA,ALTO CABALLERO,22.0,0.0,20.0,0.0,0.0,2.0,425688.692128403,917371.94076071,f946e5a3-08d5-40da-8e27-d5ec6b0afc44
266,267,COMARCA NGÄBE BUGLÉ,MÜNA,BAKAMA,,,,,,,436838.341426999,910105.931989899,ab80c85f-fafd-4d25-a236-20f974d7afc9
267,268,COMARCA NGÄBE BUGLÉ,MÜNA,CERRO CAÑA,3.0,0.0,0.0,0.0,0.0,3.0,430408.501738375,920983.126670514,9c4b5cde-feca-400d-a530-f4edbb344bbe
268,269,COMARCA NGÄBE BUGLÉ,MÜNA,CERRO PUERCO,9.0,1.0,5.0,0.0,0.0,3.0,416210.281774453,921737.908218045,c52c81ea-9c13-4101-8aea-26687a8fd5d9
269,270,COMARCA NGÄBE BUGLÉ,MÜNA,CHICHICA (Cabecera),108.0,0.0,72.0,0.0,0.0,36.0,425544.540905942,927005.712621491,66c40a82-9ece-48d1-bd32-8259baff6510
270,271,COMARCA NGÄBE BUGLÉ,MÜNA,DIKERI,,,,,,,428627.278901494,924420.047561444,b776df98-29d1-4aaf-bd11-2f8fee5f11e0
271,272,COMARCA NGÄBE BUGLÉ,MÜNA,DIKO,,,,,,,421100.191669339,934154.786687519,ec03fb41-19f8-4b08-9928-122dda8c670e
272,273,COMARCA NGÄBE BUGLÉ,MÜNA,KIKARI,,,,,,,424013.007552906,921709.937233571,b87eef7b-1959-48f1-9197-f6dce7905e10
273,274,COMARCA NGÄBE BUGLÉ,MÜNA,KRUA,,,,,,,439443.777672665,944235.057385728,421ecdb5-60c3-4a72-8230-08ad386ae465
274,275,COMARCA NGÄBE BUGLÉ,MÜNA,MARACA,,,,,,,420006.715203728,925767.850614537,d53edcfd-03bb-426a-89f1-d121dfbff8d9
275,276,COMARCA NGÄBE BUGLÉ,MÜNA,MREENI,,,,,,,439353.257365527,928039.571833155,25fd2ddf-329c-449a-96b6-9470052ca3cf
276,277,COMARCA NGÄBE BUGLÉ,MÜNA,NIBRA,,,,,,,440834.709196374,915955.544963555,5ef2f344-c80b-456e-bc20-857d8164e3e4
277,278,COMARCA NGÄBE BUGLÉ,MÜNA,PEÑA BLANCA,3.0,0.0,3.0,0.0,0.0,0.0,426582.725774291,938801.225541968,17563d3c-79b1-4332-8aa8-1d97337ec507
278,279,COMARCA NGÄBE BUGLÉ,MÜNA,ROKA,2.0,0.0,1.0,0.0,0.0,1.0,432384.794340977,939640.932363711,ed66a8e5-c685-4ad4-b0eb-e1623783085f
279,280,COMARCA NGÄBE BUGLÉ,MÜNA,SITIO PRADO,1.0,0.0,0.0,0.0,0.0,1.0,434494.429467921,929698.727068774,7757e653-31a3-4576-8cff-288942c64232
280,281,COMARCA NGÄBE BUGLÉ,MÜNA,UMANI,1.0,1.0,0.0,0.0,0.0,0.0,420231.900714431,919044.928108642,584f3ca4-7e41-4d44-9948-824fc389113b
281,282,COMARCA NGÄBE BUGLÉ,NOLE DÜIMA,CERRO IGLESIAS (CABECERA),3.0,0.0,1.0,0.0,0.0,2.0,411169.711467795,918949.286828403,3b17595d-8ebb-4ea8-8185-97225cfbfcb3
282,283,COMARCA NGÄBE BUGLÉ,NOLE DÜIMA,HATO CHAMI,19.0,0.0,19.0,0.0,0.0,0.0,415310.696566381,932085.406889302,1fb26191-a157-45a2-8baf-f16837583a80
283,284,COMARCA NGÄBE BUGLÉ,NOLE DÜIMA,JADEBERI,,,,,,,411447.37689063,939014.361056836,619115d5-e930-499f-b7fb-8d7e7396af1d
284,285,COMARCA NGÄBE BUGLÉ,NOLE DÜIMA,LAJERO,12.0,0.0,8.0,0.0,0.0,4.0,414851.148595078,916138.999772836,d83f7124-ce7e-45ef-94c6-db0c350ee1e6
285,286,COMARCA NGÄBE BUGLÉ,NOLE DÜIMA,SUSAMA,14.0,0.0,4.0,0.0,0.0,10.0,411664.459240248,924190.795003984,96053633-ae88-4f79-a5e6-4cb1d2f6c284
286,287,COMARCA NGÄBE BUGLÉ,ÑÜRUM,AGUA DE SALUD,,,,,,,452121.322598366,940974.553272418,58999a43-048d-4b45-870d-5bfa4f3e6dc6
287,288,COMARCA NGÄBE BUGLÉ,ÑÜRUM,ALTO DE JESUS,1.0,0.0,1.0,0.0,0.0,0.0,447841.991429206,913514.081273789,c6554aac-7be0-4157-8635-3bb616b4dcf4
288,289,COMARCA NGÄBE BUGLÉ,ÑÜRUM,BUENOS AIRES,2.0,0.0,1.0,0.0,0.0,1.0,446404.029206255,934012.649475613,736791ec-5e1b-4723-af0b-2e11e1285f8a
289,290,COMARCA NGÄBE BUGLÉ,ÑÜRUM,CERRO PELADO,45.0,0.0,12.0,0.0,0.0,33.0,440956.438984261,902537.986477916,a1e04377-f20f-40aa-80fa-fbdf85845318
290,291,COMARCA NGÄBE BUGLÉ,ÑÜRUM,EL BALE,,,,,,,458527.061814806,922562.466710572,61d2ae6d-1062-4cf8-a983-8560519cfdb2
291,292,COMARCA NGÄBE BUGLÉ,ÑÜRUM,EL PAREDON,,,,,,,474933.237917085,938181.91304005,ddb6f4cb-b317-43ea-85b7-1382c0ba1806
292,293,COMARCA NGÄBE BUGLÉ,ÑÜRUM,EL PEÑON,,,,,,,451790.484556614,932392.983977871,d792482c-aaab-41fd-a247-f743d2f4a36d
293,294,COMARCA NGÄBE BUGLÉ,ÑÜRUM,EL PIRO,65.0,0.0,52.0,1.0,0.0,12.0,443223.184203477,910079.03537608,3a9b8400-ef22-4744-8317-e419ec603007
294,295,COMARCA NGÄBE BUGLÉ,ÑÜRUM,EL PIRO No.2 (MUAKWATA KUBU),2.0,0.0,2.0,0.0,0.0,0.0,443564.830332245,934121.41518822,fc0469d9-8b99-47e7-a870-a1cef5f84588
295,296,COMARCA NGÄBE BUGLÉ,ÑÜRUM,GUAYABITO,1.0,0.0,0.0,0.0,0.0,1.0,447296.151248959,944821.456829643,b0074f74-ad6b-4357-9876-a49db0585810
296,297,COMARCA NGÄBE BUGLÉ,ÑÜRUM,GUIBALE,,,,,,,460707.350349236,940981.208085627,d5b61295-8635-49ac-b02c-0d6e134e2e97
297,298,DARIÉN,CHEPIGANA,CAMOGANTÍ,,,,,,,846122.656959223,892992.996469397,c8494371-5088-4fa5-90b3-59d36c25ba6d
298,299,DARIÉN,CHEPIGANA,CHEPIGANA,3.0,2.0,0.0,0.0,0.0,1.0,828104.385661675,896821.068822993,1d5c9287-6938-4529-ae87-eed039b265ce
299,300,DARIÉN,CHEPIGANA,GARACHINÉ,,,,,,,794104.765916777,887587.840507812,a9605d37-4066-4390-932b-cab6c999155c
300,301,DARIÉN,CHEPIGANA,JAQUÉ,1.0,0.0,0.0,0.0,0.0,1.0,833678.948511263,826487.100204982,646a0cee-d15a-4806-a613-21ac54d232f9
301,302,DARIÉN,CHEPIGANA,LA PALMA (CABECERA),17.0,1.0,8.0,0.0,0.0,8.0,812805.69217453,915518.492356853,37997cc5-4092-47ef-ac05-2866dd5ea924
302,303,DARIÉN,CHEPIGANA,PUERTO PIÑA,,,,,,,798809.799258109,862724.303411483,c1d7ee1a-6576-428b-9c09-19f4e5a7cd63
303,304,DARIÉN,CHEPIGANA,SAMBÚ,9.0,0.0,6.0,0.0,0.0,3.0,805927.237781655,887684.945786244,9660ded2-0f94-42f3-992b-245a7da2c408
304,305,DARIÉN,CHEPIGANA,SETEGANTÍ,,,,,,,820812.767532917,914733.808366112,7f8cb355-0607-4cb5-9d73-84bac37fb4c7
305,306,DARIÉN,CHEPIGANA,TAIMATÍ,,,,,,,807504.519256443,900433.828866152,8efd50f2-1bae-4391-9ae7-b98f244d24bd
306,307,DARIÉN,CHEPIGANA,TUCUTÍ,1.0,0.0,0.0,0.0,0.0,1.0,846576.46038787,859430.288444991,ec5ad248-a6e8-4bf5-bc12-edbe2db6b36c
307,308,DARIÉN,PINOGANA,BOCA DE CUPE,46.0,0.0,4.0,2.0,0.0,40.0,871322.643107806,866140.207203004,7de01936-87f3-4427-ab3d-082e493c0aee
308,309,DARIÉN,PINOGANA,COMARCA KUNA DE WARGANDÍ,22.0,0.0,0.0,2.0,0.0,20.0,832389.837741595,985700.162349053,4100f948-d769-40a1-b246-a0a06d93fc1f
309,310,DARIÉN,PINOGANA,EL REAL DE SANTA MARÍA (CABECERA),22.0,0.0,21.0,0.0,0.0,1.0,859948.705987163,892375.011693748,944ac59d-70e9-4f8d-b4cb-1baa2be0c375
310,311,DARIÉN,PINOGANA,METETÍ,323.0,4.0,61.0,2.0,1.0,255.0,838200.395292172,949177.347209516,848beb24-22bc-4087-bd3c-9edd94819fe9
311,312,DARIÉN,PINOGANA,PAYA,,,,,,,893411.767522854,866726.747954993,ef8a755b-cf93-40f4-9b1d-ff99e4b03960
312,313,DARIÉN,PINOGANA,PINOGANA,11.0,0.0,1.0,0.0,0.0,10.0,867506.990341004,896741.879470914,a95be95f-9413-4379-bee5-0e20396c5cd1
313,314,DARIÉN,PINOGANA,PÚCURO,,,,,,,883511.478079215,885306.643130623,6fb1b778-b298-4c25-9e36-5adf1c9a36ee
314,315,DARIÉN,PINOGANA,YAPE,2.0,0.0,2.0,0.0,0.0,0.0,895869.799507724,893887.198878595,613338e8-d22b-4acb-9c76-511d112eda96
315,316,DARIÉN,PINOGANA,YAVIZA,374.0,8.0,41.0,7.0,0.0,318.0,857036.141112138,908973.768825177,1726d59e-78a7-49a6-8609-f13ae8356caa
316,317,DARIÉN,SANTA FE,AGUA FRÍA,14.0,2.0,4.0,1.0,0.0,7.0,808438.667424984,977805.638914593,575441c2-cce4-4aa9-b401-cc7519ae14da
317,318,DARIÉN,SANTA FE,CUCUNATÍ,2.0,0.0,2.0,0.0,0.0,0.0,803002.268021897,947319.878262288,52f6f77f-f2c6-4261-b58f-6171ebe8a16d
318,319,DARIÉN,SANTA FE,RÍO CONGO,1.0,0.0,0.0,0.0,0.0,1.0,787923.638514436,946309.399464246,d7a80d5a-82f2-45f4-800c-3ba905448985
319,320,DARIÉN,SANTA FE,RÍO CONGO ARRIBA,3.0,0.0,3.0,0.0,0.0,0.0,786825.860869201,968215.754578233,d575ea66-ae82-44e0-a3a4-34c1f4b63b76
320,321,DARIÉN,SANTA FE,RÍO IGLESIAS,3.0,1.0,0.0,0.0,0.0,2.0,832274.497174776,926147.589883769,f403059c-6978-496c-84bf-2bc818e4ad73
321,322,DARIÉN,SANTA FE,SANTA FE,228.0,2.0,23.0,4.0,0.0,199.0,811411.591578916,963391.425561112,36852bfa-acec-4acc-8ffa-a047829b6e4d
322,323,DARIÉN,SANTA FE,ZAPALLAL,3.0,0.0,1.0,0.0,0.0,2.0,818454.663484585,954940.07138665,01569b3a-ce41-47c7-9fb6-8246d4f754e0
323,324,EMBERA WOUNAAN ,CÉMACO,CIRILO GUAINORA (CABECERA),68.0,0.0,14.0,1.0,0.0,53.0,887364.715318489,902597.433866623,beca7638-3451-4b7e-a3b6-82c10dc9b020
324,325,EMBERA WOUNAAN ,CÉMACO,LAJAS BLANCAS,106.0,1.0,24.0,3.0,0.0,78.0,862147.87746156,946111.382277822,eaa6886f-7201-4e16-9445-16c72e6f10b0
325,326,EMBERA WOUNAAN ,CÉMACO,MANUEL ORTEGA,19.0,0.0,17.0,1.0,0.0,1.0,886172.852769523,921540.980474214,f811d3df-84e9-41d8-b690-094aa4096d7b
326,327,EMBERA WOUNAAN ,SAMBÚ,JINGURUDÓ,2.0,0.0,2.0,0.0,0.0,0.0,823296.121094874,859871.627201453,77da7cce-28fd-414d-9302-b27dc6abc2d5
327,328,EMBERA WOUNAAN ,SAMBÚ,RÍO SABALO,2.0,0.0,0.0,0.0,1.0,1.0,807627.823119758,874618.578604038,66b2a9b1-17d6-4e8b-ad2a-e4e8531a378f
328,329,HERRERA,CHITRÉ,CHITRÉ (CABECERA),27.0,0.0,19.0,1.0,0.0,7.0,561880.757286416,879148.229420356,e6df80c8-708f-4e91-9093-d549f5b08c02
329,330,HERRERA,CHITRÉ,LA ARENA,16.0,0.0,10.0,1.0,0.0,5.0,557118.355416941,880221.93020268,1b5eeac2-e17f-433c-add3-343e7f03becb
330,331,HERRERA,CHITRÉ,LLANO BONITO,29.0,0.0,10.0,1.0,0.0,18.0,564814.225307967,883268.53369163,e5ccfbe6-041b-43b0-bfb5-7aa1f3af9e48
331,332,HERRERA,CHITRÉ,MONAGRILLO,57.0,0.0,34.0,0.0,0.0,23.0,560796.236814593,884247.413910824,c375a508-9a7d-4c3e-94c9-e4a60cb1a556
332,333,HERRERA,CHITRÉ,SAN JUAN BAUTISTA,28.0,1.0,15.0,0.0,0.0,12.0,564616.683370955,880738.345309037,7ab193b7-f80c-4f6c-b566-799c9bf92589
333,334,HERRERA,LAS MINAS,CHEPO,,,,,,,520010.780073828,847513.708335961,9f5f2da4-580c-4ebc-8136-bd9a438f43d7
334,335,HERRERA,LAS MINAS,CHUMICAL,,,,,,,528956.966789882,866347.048815996,b2939440-f89d-434b-b16e-013474d4e9dd
335,336,HERRERA,LAS MINAS,EL TORO,,,,,,,512219.939076314,856935.510391653,35c0c3aa-a4e8-4b60-868e-017d7ddcfa6b
336,337,HERRERA,LAS MINAS,LAS MINAS (CABECERA),1.0,0.0,1.0,0.0,0.0,0.0,529666.620458244,861289.88963786,abb6456e-6fb0-481f-b4a3-2019449bd191
337,338,HERRERA,LAS MINAS,LEONES,2.0,0.0,0.0,0.0,0.0,2.0,521504.61826314,859850.003002757,10900c32-f1a1-4c7d-9092-756872f47556
338,339,HERRERA,LAS MINAS,QUEBRADA DEL ROSARIO,,,,,,,529681.777497418,854659.176609963,c90fd9a1-bf80-4f7e-8fd6-da3a05843dfd
339,340,HERRERA,LAS MINAS,QUEBRADA EL CIPRIÁN,,,,,,,526819.461254751,849446.002444152,8608c9fb-a5f9-413e-9cce-64db55811839
340,341,HERRERA,LOS POZOS,EL CALABACITO,,,,,,,544596.052244443,852536.066124888,80133da6-d4bb-4b2a-8569-1b1b78f2c4c9
341,342,HERRERA,LOS POZOS,EL CAPURÍ,,,,,,,538636.756740087,854249.14035078,4915c26b-6d74-4e31-a9d4-926de730b4cc
342,343,HERRERA,LOS POZOS,EL CEDRO,2.0,0.0,1.0,0.0,0.0,1.0,538720.657767341,849558.021715641,e8e04818-0660-4452-abab-1d9d2172d5ae
343,344,HERRERA,LOS POZOS,LA ARENA,,,,,,,544938.028861695,856562.444865187,dee43b89-c9f9-4ff1-881d-8f10c16dd6f3
344,345,HERRERA,LOS POZOS,LA PITALOZA,,,,,,,532985.431808145,840241.047007731,5b9e5ecf-164b-45f8-b2e1-c75ab2d04ef6
345,346,HERRERA,LOS POZOS,LAS LLANAS,,,,,,,529448.130155152,843689.776938322,6ee4bea8-d062-4f54-ab9b-c8c8ed0916a1
346,347,HERRERA,LOS POZOS,LOS CERRITOS,,,,,,,542513.220011528,861473.767394652,b34c0c1d-e56c-4cb2-bf8b-8927deebe7ce
347,348,HERRERA,LOS POZOS,LOS CERROS DE PAJA,,,,,,,534097.206327349,852276.559836084,193880bb-a054-49cb-a4f6-447df2c22ddb
348,349,HERRERA,LOS POZOS,LOS POZOS (CABECERA),11.0,0.0,10.0,0.0,0.0,1.0,537640.279909502,860777.250682979,f6a68e7e-ede4-4305-b3f6-59b3ac073f8e
349,350,HERRERA,OCÚ,CERRO LARGO,,,,,,,519916.715648725,865618.457169723,0bc0001a-7105-4c6f-99b0-d5137ed8666c
350,351,HERRERA,OCÚ,EL TIJERA,,,,,,,508290.806283213,866332.230823419,5b9adc1f-fc1d-4391-b154-35519a925287
351,352,HERRERA,OCÚ,ENTRADERO DEL CASTILLO,,,,,,,514677.405956139,867213.221716994,b767520b-14c2-4a24-bb27-6ed29fd1f986
352,353,HERRERA,OCÚ,LLANO GRANDE,3.0,0.0,3.0,0.0,0.0,0.0,533363.632261584,882000.431184948,5f9ecdfb-fa5d-4b9e-8bcc-c0fb7bc151c0
353,354,HERRERA,OCÚ,LOS LLANOS,,,,,,,514164.571727509,876292.336706432,4996b31b-34e8-4c35-88f1-416a79346780
354,355,HERRERA,OCÚ,MENCHACA,,,,,,,525766.091294396,871740.885981441,e95f41bd-2d89-4643-8139-2c8194bde953
355,356,HERRERA,OCÚ,OCÚ (CABECERA),18.0,0.0,14.0,0.0,0.0,4.0,523972.470952691,879276.174404094,2a32f4c9-2afb-4792-b75a-ed71870691d2
356,357,HERRERA,OCÚ,PEÑAS CHATAS,,,,,,,523031.426945571,887992.937441239,984699a5-6cc0-4e1b-844d-96f06de8d08a
357,358,HERRERA,PARITA,CABUYA,14.0,1.0,10.0,1.0,0.0,2.0,538511.965927729,887331.454361419,187dad87-36f9-48de-8d29-055f31c48b72
358,359,HERRERA,PARITA,LLANO DE LA CRUZ,,,,,,,540584.052307516,880245.393890047,f2a7cecf-12ed-423f-a175-ac52fb565bf7
359,360,HERRERA,PARITA,LOS CASTILLOS,1.0,0.0,1.0,0.0,0.0,0.0,542454.348599232,882657.306893907,d2c2086a-f157-4f9d-8e92-2e5a048e9a13
360,361,HERRERA,PARITA,PARÍS,3.0,0.0,2.0,0.0,0.0,1.0,549043.070040004,892378.579896612,a84a8b42-3b9f-4d55-8f5c-2ee955759b72
361,362,HERRERA,PARITA,PARITA (CABECERA),25.0,2.0,15.0,1.0,0.0,7.0,553883.20855446,886477.397532627,f269fe08-b17a-4d5d-971c-9f62737b974f
362,363,HERRERA,PARITA,PORTOBELILLO,1.0,0.0,1.0,0.0,0.0,0.0,545817.254775048,885467.268497875,f326057d-1862-431b-a521-e947ab824211
363,364,HERRERA,PARITA,POTUGA,3.0,0.0,2.0,1.0,0.0,0.0,541466.049617302,891664.425660503,3132c372-d385-415e-9f6a-43aea80a6aa2
364,365,HERRERA,PESÉ,EL BARRERO,2.0,0.0,0.0,0.0,0.0,2.0,550056.21630735,876837.262673853,cd5faf99-cbb9-45df-8905-813655a6c7dd
365,366,HERRERA,PESÉ,EL CIRUELO,1.0,0.0,0.0,0.0,0.0,1.0,533692.34780735,872824.774745516,2b9727c0-0d80-45c4-9932-7d15d9fd2aa5
366,367,HERRERA,PESÉ,EL PÁJARO,,,,,,,546097.624662002,879005.951345791,10844e96-f284-41df-8d1e-1649b803e684
367,368,HERRERA,PESÉ,EL PEDREGOSO,1.0,0.0,1.0,0.0,0.0,0.0,539757.645403075,876589.105615824,371f2319-bf65-407b-8bfe-735734648975
368,369,HERRERA,PESÉ,LAS CABRAS,,,,,,,547718.960091883,871231.371349909,f80521f8-a32d-4760-bdbf-8b8e8ec00432
369,370,HERRERA,PESÉ,PESÉ (CABECERA),10.0,0.0,5.0,0.0,0.0,5.0,542652.962906167,874968.686443717,fe797338-1e46-498f-9521-ba751ec4dc34
370,371,HERRERA,PESÉ,RINCÓN HONDO,1.0,0.0,1.0,0.0,0.0,0.0,542648.860855034,866490.624064281,97560a63-2dda-4601-aac9-e921edf8184f
371,372,HERRERA,PESÉ,SABANAGRANDE,,,,,,,537941.648060357,869653.523628975,35d53f2e-3268-44f8-999e-f60bcc56d586
372,373,HERRERA,SANTA MARÍA,CHUPAMPA,,,,,,,524211.464061829,893375.603038319,2a4f1fa8-4057-4f41-8720-c71f4c177d39
373,374,HERRERA,SANTA MARÍA,EL LIMÓN,1.0,0.0,1.0,0.0,0.0,0.0,527723.685951546,891306.48962415,7dca2003-9ebe-4007-a322-ade5bdc55a18
374,375,HERRERA,SANTA MARÍA,EL RINCÓN,,,,,,,544153.239878366,897177.90841349,13c1b7e2-122c-4ad9-959a-a1ba8893b2ae
375,376,HERRERA,SANTA MARÍA,LOS CANELOS,9.0,0.0,6.0,0.0,0.0,3.0,530606.122691838,896631.716617955,c8051815-ee99-4daf-a3d6-dc2bba35b883
376,377,HERRERA,SANTA MARÍA,SANTA MARÍA (CABECERA),16.0,1.0,12.0,0.0,0.0,3.0,537423.821571367,896298.778982457,7c1b2a97-4cb2-487a-8f87-11e7a41326ff
377,378,LOS SANTOS,GUARARÉ,EL ESPINAL,,,,,,,575235.683916636,867843.114920867,8cbabfe9-1b32-45d5-9ac7-dddf850e5b76
378,379,LOS SANTOS,GUARARÉ,EL HATO,,,,,,,568265.50443785,859832.993182893,00d4d4ff-a72e-43cc-97a9-8f229ab171b5
379,380,LOS SANTOS,GUARARÉ,EL MACANO,,,,,,,565210.481528612,849298.96062572,018ce0c8-ba11-4559-9ebe-1c383bfc202c
380,381,LOS SANTOS,GUARARÉ,GUARARÉ,4.0,0.0,4.0,0.0,0.0,0.0,579383.438592786,864079.537366118,eed12041-5426-4c85-b228-9248bc2d7468
381,382,LOS SANTOS,GUARARÉ,GUARARÉ ARRIBA,,,,,,,571251.75359274,862240.378287354,c4a809bd-42c2-407e-a76f-23552a597a10
382,383,LOS SANTOS,GUARARÉ,LA ENEA,,,,,,,580425.551879026,866873.923598469,226b409d-e6ac-431b-8dc1-3822708939ef
383,384,LOS SANTOS,GUARARÉ,LA PASERA,2.0,1.0,0.0,0.0,0.0,1.0,575956.851305513,862959.252575876,c4faeb0b-4852-4379-9232-9553cdd60af5
384,385,LOS SANTOS,GUARARÉ,LAS TRANCAS,,,,,,,567763.75741338,854957.314271066,35d2a56c-e0b6-44e2-8947-fd400dc350f8
385,386,LOS SANTOS,GUARARÉ,LLANO ABAJO,6.0,0.0,6.0,0.0,0.0,0.0,564384.270588271,858558.950488645,6757b314-88b9-4dc0-93a2-d136ca5edd58
386,387,LOS SANTOS,GUARARÉ,PERALES,,,,,,,573225.877625988,859509.991708902,a3732152-3533-490e-bf64-beddd05a6984
387,388,LOS SANTOS,LAS TABLAS,BAJO CORRAL,,,,,,,581559.958842943,838525.595518748,8a6238fc-f1ce-415d-90f5-bcfe1cd79682
388,389,LOS SANTOS,LAS TABLAS,BAYANO,,,,,,,563677.501360725,839844.150100392,a9851957-691c-4deb-ae91-859ad3045ef6
389,390,LOS SANTOS,LAS TABLAS,EL CARATE,,,,,,,576292.083074134,854523.062882331,aaa38739-3251-4112-afc3-a3d1e03e8132
390,391,LOS SANTOS,LAS TABLAS,EL COCAL,1.0,0.0,1.0,0.0,0.0,0.0,579667.955367638,855668.78672911,70aee6a0-ed8e-4414-b495-82fe0f85549b
391,392,LOS SANTOS,LAS TABLAS,EL MANANTIAL,,,,,,,585547.081837113,860951.125438155,16c2e358-eb41-4dc8-a673-cf43d3c8bbd9
392,393,LOS SANTOS,LAS TABLAS,EL MUÑOZ,,,,,,,574912.133285854,848016.930826552,687ba886-8a81-45bd-81a8-e731559f7379
393,394,LOS SANTOS,LAS TABLAS,EL PEDREGOSO,,,,,,,574597.177820698,851847.593508158,145a8acc-da2b-4efd-a3e6-641844f7bb35
394,395,LOS SANTOS,LAS TABLAS,EL SESTEADERO,,,,,,,582114.772285848,856374.947780118,a9883ad4-b01d-4e02-921f-b7342bd73562
395,396,LOS SANTOS,LAS TABLAS,LA LAJA,,,,,,,582032.513971631,854752.333691344,4da80909-7f3e-447f-b6e3-94c15469511e
396,397,LOS SANTOS,LAS TABLAS,LA MIEL,,,,,,,573811.2148946,836053.950144078,1633b4c4-eff2-4a62-8fc1-afab066134f7
397,398,LOS SANTOS,LAS TABLAS,LA PALMA,3.0,0.0,3.0,0.0,0.0,0.0,588833.980199584,851608.010835522,a7b32de9-b9ad-4259-9eb6-31d12be7863a
398,399,LOS SANTOS,LAS TABLAS,LA TIZA,1.0,0.0,0.0,0.0,0.0,1.0,577975.848082109,856982.388923276,a794188b-a6f6-4f40-b02b-d96a41ec853e
399,400,LOS SANTOS,LAS TABLAS,LAS PALMITAS,,,,,,,576917.086341625,858692.781827781,68630e7e-20b3-4b94-976d-981ae2359bf7
400,401,LOS SANTOS,LAS TABLAS,LAS TABLAS (CABECERA),14.0,0.0,11.0,0.0,0.0,3.0,579715.298253644,859413.355226016,7f3ca082-14ed-44fa-8053-ac024722cea2
401,402,LOS SANTOS,LAS TABLAS,LAS TABLAS ABAJO,,,,,,,582992.597604513,863138.410473773,ac38c470-6212-4bff-a760-967466b9572e
402,403,LOS SANTOS,LAS TABLAS,NUARIO,,,,,,,577190.53497779,831274.856042091,90cba56e-d83f-429e-9017-48b7b0cdf9b3
403,404,LOS SANTOS,LAS TABLAS,PALMIRA,,,,,,,571521.070348786,849208.422722769,1d3aed0e-6fd3-49c5-8648-bbbd77010cbd
404,405,LOS SANTOS,LAS TABLAS,PEÑA BLANCA,,,,,,,579956.558669797,852909.979309154,9de234b9-80a0-4855-b042-f2a13f07cd35
405,406,LOS SANTOS,LAS TABLAS,RÍO HONDO,,,,,,,571237.934829406,852720.604183543,aadb5997-c402-4174-b7a6-63efe175b967
406,407,LOS SANTOS,LAS TABLAS,SAN JOSÉ,,,,,,,583651.55657391,848963.346701781,44adfb82-9e05-4233-af8b-c7de71c7fd0b
407,408,LOS SANTOS,LAS TABLAS,SAN MIGUEL,,,,,,,579730.602135714,845318.54685162,0f0840a2-d11a-4c73-80fa-d8b3f1fa3c04
408,409,LOS SANTOS,LAS TABLAS,SANTO DOMINGO,4.0,0.0,3.0,0.0,0.0,1.0,586741.525645803,856448.129346899,dc8b85b2-5dee-43d8-9242-d61be8496372
409,410,LOS SANTOS,LAS TABLAS,VALLE RICO,1.0,0.0,1.0,0.0,0.0,0.0,570490.378637154,840950.699492952,2afc4da0-e9aa-4c12-801b-6bc2d468978b
410,411,LOS SANTOS,LAS TABLAS,VALLERRIQUITO,,,,,,,576389.973304202,843135.260395236,26f233cf-6c3a-4be0-9321-7223ef07ea10
411,412,LOS SANTOS,LOS SANTOS,AGUA BUENA,,,,,,,566197.078645631,864525.089378607,5bce2fa2-2202-42b2-ac0e-a366185007d1
412,413,LOS SANTOS,LOS SANTOS,EL EJIDO,2.0,0.0,0.0,0.0,0.0,2.0,568897.352413222,874879.873755574,efa18658-2728-4b34-b3d6-e961e496aad5
413,414,LOS SANTOS,LOS SANTOS,EL GUÁSIMO,,,,,,,552349.628684648,865779.889579281,58bd35e3-a186-4db4-b055-3a1e34890c38
414,415,LOS SANTOS,LOS SANTOS,LA COLORADA,8.0,0.0,0.0,1.0,0.0,7.0,548758.600709507,865827.804368897,17c07986-282f-437d-924c-872635473913
415,416,LOS SANTOS,LOS SANTOS,LA ESPIGADILLA,4.0,1.0,2.0,0.0,0.0,1.0,566464.029255774,871424.421796263,e63f564c-c6a7-4fc8-8fbb-4bc8b2106319
416,417,LOS SANTOS,LOS SANTOS,LA VILLA DE LOS SANTOS (CABECERA),18.0,0.0,9.0,0.0,1.0,8.0,560114.027682782,873099.189748025,497b51fb-c800-4f84-ac83-2e997cf051d6
417,418,LOS SANTOS,LOS SANTOS,LAS CRUCES,,,,,,,561813.20998,862928.035059816,1c1d6ec9-8cc7-4a7d-a459-ed08ccd3c339
418,419,LOS SANTOS,LOS SANTOS,LAS GUABAS,,,,,,,555585.134900503,864554.931214106,59e66720-e8ca-418f-805a-82837bf14bfe
419,420,LOS SANTOS,LOS SANTOS,LLANO LARGO,4.0,0.0,2.0,0.0,0.0,2.0,563505.737464241,874411.005476011,eda21207-a705-4d1c-aaae-c76a102e94c2
420,421,LOS SANTOS,LOS SANTOS,LOS ÁNGELES,,,,,,,572264.495735156,872096.386777233,50277092-6118-4810-ba55-c0226cf7e0c2
421,422,LOS SANTOS,LOS SANTOS,LOS OLIVOS,1.0,0.0,0.0,0.0,0.0,1.0,555302.806544845,874599.448132759,be236350-53a4-439e-b31b-5cd3d00c807c
422,423,LOS SANTOS,LOS SANTOS,SABANA GRANDE,4.0,0.0,1.0,0.0,1.0,2.0,570253.598466282,866834.205970802,64eb0140-adfb-41cc-ac65-27bdff260eae
423,424,LOS SANTOS,LOS SANTOS,SANTA ANA,,,,,,,570276.137480018,879446.976725704,d5845c2a-e6d0-4557-8bf3-ef0299aa351c
424,425,LOS SANTOS,LOS SANTOS,TRES QUEBRADAS,,,,,,,565256.132110303,867960.860336328,89399be9-e8a4-4f41-a060-dd1b97b23edf
425,426,LOS SANTOS,LOS SANTOS,VILLA LOURDES,,,,,,,558595.44163464,863551.760640169,3b15a60d-feec-45b8-a3de-1baf8120881b
426,427,LOS SANTOS,MACARACAS,BAHÍA HONDA,,,,,,,560946.268102031,852754.064415879,0b102be9-25ee-4bcd-ba52-e4d7c14de399
427,428,LOS SANTOS,MACARACAS,BAJOS DE GÜERA,,,,,,,541469.278516116,836918.632289095,71136d97-cf78-43ba-8b40-fa4dcc3c1981
428,429,LOS SANTOS,MACARACAS,CHUPÁ,1.0,0.0,0.0,0.0,0.0,1.0,547584.615423987,860529.769078228,37409709-bf9e-41d9-9324-300cd042f99a
429,430,LOS SANTOS,MACARACAS,COROZAL,,,,,,,557777.43319358,856438.212710953,49d21cbc-0cfa-4cf1-8e34-9974697be57c
430,431,LOS SANTOS,MACARACAS,EL CEDRO,,,,,,,551944.385418289,859574.776855742,2e05bc2b-2ca8-4dd4-b089-72443a327a0a
431,432,LOS SANTOS,MACARACAS,ESPINO AMARILLO,,,,,,,559282.986068504,849378.294991437,39ea6b54-94f8-476f-9f20-97c3d358e780
432,433,LOS SANTOS,MACARACAS,LA MESA,,,,,,,541934.407302899,844209.046131116,e23ea078-6dd7-44ed-8e7c-b35e90257735
433,434,LOS SANTOS,MACARACAS,LAS PALMAS,,,,,,,554764.69312242,848478.563450138,cf57161a-0db2-41d8-a0d4-fc06aedd155a
434,435,LOS SANTOS,MACARACAS,LLANO DE PIEDRA,1.0,0.0,1.0,0.0,0.0,0.0,549653.767975321,844166.080563489,e5e3016f-1047-4bf2-aae7-c9e290299622
435,436,LOS SANTOS,MACARACAS,MACARACAS (CABECERA),23.0,0.0,18.0,0.0,0.0,5.0,554347.477501592,855894.808903631,09f4ffb1-f4a0-4bbb-9cee-c0882f5fa99f
436,437,LOS SANTOS,MACARACAS,MOGOLLÓN,,,,,,,557475.092729946,841982.320562709,04bb8630-7bb6-4df7-b469-3fcdf679b544
437,438,LOS SANTOS,PEDASÍ,LOS ASIENTOS,,,,,,,596932.186900587,828649.82098596,7e5d0ddd-b8dd-45a6-b583-2f64751db4dd
438,439,LOS SANTOS,PEDASÍ,MARIABÉ,,,,,,,603949.55378057,838436.201818873,df25588d-ce23-4aa8-8ee9-2c648677642d
439,440,LOS SANTOS,PEDASÍ,ORIA ARRIBA,,,,,,,589544.717777446,826490.532916679,de1abdae-153e-4ec6-bb46-9c2ba7f9510a
440,441,LOS SANTOS,PEDASÍ,PEDASÍ (CABECERA),6.0,0.0,2.0,0.0,0.0,4.0,605007.79255529,829018.394394523,1749393f-0142-4cb6-96c6-cbd995457de4
441,442,LOS SANTOS,PEDASÍ,PURIO,,,,,,,600680.22904361,839716.960660892,8ded07c6-f575-4dff-8518-9d46e992a0c6
442,443,LOS SANTOS,POCRÍ,EL CAÑAFÍSTULO,,,,,,,586867.02441308,841280.438511196,0e67f5a3-ee42-469e-a5df-8549f2561bdb
443,444,LOS SANTOS,POCRÍ,LAJAMINA,,,,,,,594925.83471534,838052.537569703,eb126d78-1727-4f95-8859-1044b4bb868b
444,445,LOS SANTOS,POCRÍ,PARAÍSO,,,,,,,593094.559219541,851094.723912895,fa044b91-5c2c-4eb6-8052-079cf7da2b07
445,446,LOS SANTOS,POCRÍ,PARITILLA,,,,,,,590363.696525121,839785.592452943,7fb057f4-720e-4a3d-9198-63c3486aca75
446,447,LOS SANTOS,POCRÍ,POCRÍ (CABECERA),,,,,,,597673.377754652,845584.307681677,0acd2235-158a-443e-bfb6-43ebec00bae0
447,448,LOS SANTOS,TONOSÍ,ALTOS DE GÜERA,,,,,,,543178.745537932,831596.853479789,f06a300e-128e-44d5-a4d3-506b8e82125f
448,449,LOS SANTOS,TONOSÍ,CAMBUTAL,,,,,,,548116.292527955,805890.18373882,6a847f6c-4dd3-4454-984d-acc09aeff883
449,450,LOS SANTOS,TONOSÍ,CAÑAS,,,,,,,578711.913787459,825184.342681022,c7bd0879-60a5-4eb8-a63f-ba30f5b911f7
450,451,LOS SANTOS,TONOSÍ,EL BEBEDERO,,,,,,,555525.844755368,820628.794772161,0b0b2587-98f2-47ab-a0a3-a339a8209608
451,452,LOS SANTOS,TONOSÍ,EL CACAO,7.0,0.0,7.0,0.0,0.0,0.0,565675.178480496,823436.696632775,19fe1a1d-fb24-4290-9f9a-43ffc45adfe2
452,453,LOS SANTOS,TONOSÍ,EL CORTEZO,,,,,,,537541.81595935,822129.200758642,fb0f4b9d-965c-48e7-81d6-00bdedf4252e
453,454,LOS SANTOS,TONOSÍ,FLORES,1.0,0.0,1.0,0.0,0.0,0.0,562270.98493234,830588.549690684,860711d2-dd7f-4cc6-9c64-72ad40bac769
454,455,LOS SANTOS,TONOSÍ,GUÁNICO,,,,,,,555335.378606289,811103.51147911,ca6836e2-ca85-40ac-88ca-469f59df075e
455,456,LOS SANTOS,TONOSÍ,ISLA DE CAÑAS,,,,,,,574151.711382938,819880.383032613,fbec0559-7831-405b-95ad-d1023d058bc7
456,457,LOS SANTOS,TONOSÍ,LA TRONOSA,,,,,,,547299.472625871,824086.252522156,72040317-92be-4a11-a08a-dc3724aae81e
457,458,LOS SANTOS,TONOSÍ,TONOSÍ (CABECERA),15.0,0.0,14.0,0.0,1.0,0.0,566226.783550965,815332.27091325,d1864b68-f2f6-44cc-9ee7-fbf424508541
458,459,PANAMÁ,BALBOA,LA ENSENADA,,,,,,,734412.201561503,923647.099806631,0c645911-2c71-407d-8d59-92b4317ff006
459,460,PANAMÁ,BALBOA,LA ESMERALDA,1.0,0.0,1.0,0.0,0.0,0.0,728983.992653008,917374.851706164,b7c038dd-0838-4303-98b5-6dd61072c10e
460,461,PANAMÁ,BALBOA,LA GUINEA,1.0,0.0,0.0,0.0,0.0,1.0,727369.944824244,922806.812932527,aa87e5a2-6395-4867-a2a9-d25866c0a7f6
461,462,PANAMÁ,BALBOA,PEDRO GONZÁLEZ,,,,,,,708254.192062698,917963.71239888,23f886cd-517d-4f96-9bd1-6c663d8c6c2f
462,463,PANAMÁ,BALBOA,SABOGA,,,,,,,713235.23570865,953778.001772111,1b586a26-0834-42fc-83d7-bf058c08eddc
463,464,PANAMÁ,BALBOA,SAN MIGUEL (CABECERA),4.0,0.0,4.0,0.0,0.0,0.0,728385.84365421,932040.06808631,bd7ee51b-3fbb-4a5d-abc0-15318233a25f
464,465,PANAMÁ,CHEPO,CAÑITA,83.0,2.0,62.0,0.0,0.0,19.0,738126.626921739,1028707.13656581,82c1821d-7838-4c97-8976-797e1f28d612
465,466,PANAMÁ,CHEPO,CHEPILLO,,,,,,,705695.870740006,990002.166810226,53536372-d4be-4e2a-a5e5-ee91bedb85d1
466,467,PANAMÁ,CHEPO,CHEPO (CABECERA),883.0,18.0,355.0,20.0,2.0,488.0,711404.188875004,1011196.30141912,2dd90d34-6f55-4c9f-814f-d15523080534
467,468,PANAMÁ,CHEPO,COMARCAL KUNA DE MADUNGANDI,32.0,1.0,0.0,0.0,0.0,31.0,783634.568509253,1012076.55872033,52dab65e-cfdb-4956-bc08-3b2cd46bb9d5
468,469,PANAMÁ,CHEPO,EL LLANO,62.0,0.0,46.0,0.0,0.0,16.0,730698.635675695,1012195.13694029,ecc6bd5b-4438-45f3-8275-a5a996b30342
469,470,PANAMÁ,CHEPO,LAS MARGARITAS,113.0,1.0,40.0,3.0,0.0,69.0,704923.296239232,1025339.11314217,1675bfa2-626d-4e85-96d9-20fe49c6ecb1
470,471,PANAMÁ,CHEPO,SANTA CRUZ DE CHININA,,,,,,,720695.542022977,996586.137879514,eefefb9b-bc74-482d-a0a1-deed602bf3af
471,472,PANAMÁ,CHEPO,TORTI,135.0,0.0,41.0,3.0,1.0,90.0,774586.996343415,990089.021317306,3e588cc9-a497-49e9-9219-69cdc58ea26f
472,473,PANAMÁ,CHIMÁN,BRUJAS,,,,,,,775311.112711667,949686.076913644,c0fe2bc5-58ec-43eb-bbbf-edfb7876ea05
473,474,PANAMÁ,CHIMÁN,CHIMAN (CABECERA),1.0,0.0,1.0,0.0,0.0,0.0,768906.668581714,968700.223067085,986c1eb6-cfe7-4c9f-a9bd-84ed73fe1613
474,475,PANAMÁ,CHIMÁN,GONZALO VASQUEZ,,,,,,,781792.690725621,932281.79562975,d25e49ae-d444-47e5-8bf8-298144dec898
475,476,PANAMÁ,CHIMÁN,PASIGA,,,,,,,739218.036542054,984657.916789353,85b012ef-9d00-4b9f-a047-90bc72e04cef
476,477,PANAMÁ,CHIMÁN,UNION SANTEÑA,2.0,0.0,2.0,0.0,0.0,0.0,754856.772733604,977812.882509719,69032cb1-8ea4-43c3-b7de-1a2401bd97b9
477,478,PANAMÁ,PANAMÁ,BELLA VISTA,567.0,16.0,198.0,21.0,3.0,329.0,662127.704952599,993505.492937174,e906c25b-9cd8-4ea1-b795-57578843a4e9
478,479,PANAMÁ,PANAMÁ ,24 DE DICIEMBRE,2100.0,58.0,653.0,52.0,3.0,1334.0,679893.863807755,1008192.59312699,966e25af-d3dd-4989-8c2a-afd958e6e474
479,480,PANAMÁ,PANAMÁ ,ALCALDE DIAZ,1389.0,21.0,463.0,23.0,1.0,881.0,663662.876270244,1009823.32640705,f6e1235b-d6f7-48eb-8fc8-af99bf436028
480,481,PANAMÁ,PANAMÁ ,ANCON,710.0,13.0,192.0,16.0,3.0,486.0,653066.710363443,1002101.85493998,309442d8-1359-456a-bd3f-d7df1331cb26
481,482,PANAMÁ,PANAMÁ ,BETANIA,720.0,20.0,225.0,24.0,4.0,447.0,661842.249407181,996527.274427557,04a0d5bb-8110-45c9-b363-25856ac39fb4
482,483,PANAMÁ,PANAMÁ ,CAIMITILLO,351.0,8.0,133.0,2.0,0.0,208.0,671172.467361007,1031242.01328413,4d5a9e91-cfbd-4005-9612-055b14862188
483,484,PANAMÁ,PANAMÁ ,CALIDONIA,634.0,19.0,136.0,25.0,2.0,452.0,660990.921765913,991703.893730012,0d421faf-d357-485a-bbbf-8898e4d6dc9a
484,485,PANAMÁ,PANAMÁ ,CHILIBRE,1025.0,17.0,353.0,14.0,3.0,638.0,653404.720662127,1012073.9488144,66886d33-80e8-4f31-81a1-af00f7829264
485,486,PANAMÁ,PANAMÁ ,CURUNDU,837.0,10.0,104.0,20.0,2.0,701.0,660089.00775937,991798.720747664,9b0b6260-3e9c-4c93-87d6-540fafcb3cea
486,487,PANAMÁ,PANAMÁ ,DON BOSCO,743.0,10.0,277.0,17.0,2.0,437.0,673927.207359673,999294.039904188,4f134956-b3c8-42d3-8cf7-3350ca243b1e
487,488,PANAMÁ,PANAMÁ ,EL CHORRILLO,1081.0,23.0,213.0,31.0,4.0,810.0,660007.616304632,989646.463478672,5e4f4dbe-fa9f-4489-949e-9ad46ae29262
488,489,PANAMÁ,PANAMÁ ,ERNESTO CORDOBA CAMPOS,1197.0,11.0,413.0,14.0,0.0,759.0,665662.215397048,1006320.36806308,dd53b5c8-a738-4689-9ae1-9c4c58e16ddb
489,490,PANAMÁ,PANAMÁ ,JUAN DIAZ,1597.0,40.0,574.0,62.0,3.0,918.0,670159.343532546,998898.796423326,38bf7730-1a2b-4841-8af6-fff8f523e3e0
490,491,PANAMÁ,PANAMÁ ,LAS CUMBRES,1199.0,16.0,439.0,16.0,1.0,727.0,658897.573485608,1005096.15057381,4a5e0495-d601-4d80-81c1-58c478cf8643
491,492,PANAMÁ,PANAMÁ ,LAS GARZAS,329.0,7.0,86.0,8.0,0.0,228.0,695792.276211286,1003108.34428381,eeb9ea33-32b9-4aeb-908d-f39aada6a48c
492,493,PANAMÁ,PANAMÁ ,LAS MAÑANITAS,1207.0,31.0,476.0,27.0,4.0,669.0,673124.49938727,1008688.88932711,8bcdc6d7-7a15-4df2-8c34-37ffc2335fc5
493,494,PANAMÁ,PANAMÁ ,PACORA,2106.0,44.0,612.0,21.0,2.0,1427.0,683623.799709233,1011930.49325254,b07b4b2a-cf69-489b-84e2-3a5efec9ee26
494,495,PANAMÁ,PANAMÁ ,PARQUE LEFEVRE,780.0,17.0,238.0,27.0,4.0,494.0,666455.640363601,996778.542382678,7e4810e9-d471-4d86-b101-556db0566712
495,496,PANAMÁ,PANAMÁ ,PEDREGAL,1680.0,35.0,621.0,30.0,3.0,991.0,671702.70125434,1005910.79055861,c8e96962-178c-425b-b7b1-1e4ad4124b3a
496,497,PANAMÁ,PANAMÁ ,PUEBLO NUEVO,444.0,13.0,139.0,6.0,1.0,285.0,663384.493494927,996490.428829251,4aa3fa5e-4686-4e2c-982a-3101c18de97f
497,498,PANAMÁ,PANAMÁ ,RIO ABAJO,837.0,18.0,249.0,11.0,0.0,559.0,665587.948214548,997850.517475685,d1c9771f-ce87-4cd9-b93f-d5b7ff18523a
498,499,PANAMÁ,PANAMÁ ,SAN FELIPE,89.0,4.0,15.0,1.0,0.0,69.0,661037.34242714,989931.112565429,1d4cc6f2-6cd0-484d-a943-58b9b43e4db1
499,500,PANAMÁ,PANAMÁ ,SAN FRANCISCO,1011.0,20.0,309.0,19.0,2.0,661.0,664013.17171009,994173.508235701,78b2c7cf-725b-4782-b09d-3258e2bf3e0c
500,501,PANAMÁ,PANAMÁ ,SAN MARTIN,193.0,1.0,53.0,1.0,1.0,137.0,691983.696097918,1019438.55109782,f010be22-56df-4939-accc-1b24e001cccb
501,502,PANAMÁ,PANAMÁ ,SANTA ANA,595.0,13.0,171.0,22.0,4.0,385.0,660373.15745563,990350.044744262,d0d69cd7-e28f-437b-84eb-e2a3683968d4
502,503,PANAMÁ,PANAMÁ ,TOCUMEN,2442.0,64.0,752.0,67.0,4.0,1555.0,678450.172464337,1004897.0634934,f1f8fcd7-120f-4eb0-8a3c-8c36a19286c5
503,504,PANAMÁ,SAN MIGUELITO,AMELIA DENIS DE ICAZA,1107.0,27.0,325.0,30.0,5.0,720.0,663313.899333769,999738.890909628,80630875-d304-4d82-aee5-224e1331f5cb
504,505,PANAMÁ,SAN MIGUELITO,ARNULFO ARIAS,1049.0,15.0,272.0,21.0,2.0,739.0,666839.670977911,1002451.31839327,aaf9abba-48cd-40d4-b109-0e08a24b4e42
505,506,PANAMÁ,SAN MIGUELITO,BELISARIO FRIAS,1574.0,35.0,518.0,32.0,7.0,982.0,665894.384359435,1003686.64212083,e4dd6614-6529-437c-a978-df6c04cbda5f
506,507,PANAMÁ,SAN MIGUELITO,BELISARIO PORRAS,1927.0,27.0,566.0,54.0,2.0,1278.0,665006.405575937,1001148.5809929,a008d063-7d05-4545-8a13-6f99869c4d0d
507,508,PANAMÁ,SAN MIGUELITO,JOSE DOMINGO ESPINAR,706.0,16.0,276.0,25.0,4.0,385.0,667275.586375651,1000613.18537595,33874317-afc4-4faf-b957-e7bbf4977353
508,509,PANAMÁ,SAN MIGUELITO,MATEO ITURRALDE,336.0,7.0,140.0,9.0,1.0,179.0,665302.491594744,998936.065934815,b8472317-1500-4992-950d-cc68bf3df668
509,510,PANAMÁ,SAN MIGUELITO,OMAR TORRIJOS,1247.0,19.0,458.0,25.0,4.0,741.0,662523.021174812,1001805.20639432,e379ea84-c3b4-4c69-80aa-bbddb9b5bcd7
510,511,PANAMÁ,SAN MIGUELITO,RUFINA ALFARO,617.0,13.0,232.0,16.0,0.0,356.0,669528.218421134,1002925.23176245,dacf438d-8f00-4150-91e7-571e108e9df7
511,512,PANAMÁ,SAN MIGUELITO,VICTORIANO LORENZO,383.0,9.0,138.0,7.0,2.0,227.0,664227.645769523,998681.77562102,73991daa-96d4-4cf6-9709-7e10881dcf77
512,513,PANAMÁ,TABOGA,OTOQUE OCCIDENTE,,,,,,,653437.578427432,951063.788110094,8be7c24c-ca24-40dc-88c6-b25ea03f481a
513,514,PANAMÁ,TABOGA,OTOQUE ORIENTE,17.0,0.0,17.0,0.0,0.0,0.0,654424.616412143,951037.802867135,b950f32d-3520-48df-a79a-9dc1975ccbc4
514,515,PANAMÁ,TABOGA,TABOGA (CABECERA),27.0,0.0,16.0,0.0,0.0,11.0,658892.937900596,971976.785930142,4326fb84-10c8-4c59-bedd-aad88a9f0644
515,516,PANAMÁ OESTE,ARRAIJÁN,ARRAIJAN (CABECERA),2304.0,28.0,631.0,48.0,9.0,1588.0,651317.541851669,991154.619622026,dc2333ee-1771-45ca-b9df-e43e8619e01f
516,517,PANAMÁ OESTE,ARRAIJÁN,BURUNGA,869.0,8.0,264.0,13.0,2.0,582.0,646792.38673797,994553.362240383,ed39c47d-3bb0-40ee-9b7b-ba1e939541af
517,518,PANAMÁ OESTE,ARRAIJÁN,CERRO SILVESTRE,412.0,7.0,135.0,4.0,0.0,266.0,645148.19810091,987725.869379904,03358a54-87c4-49ad-bdbd-51f58a18aaf1
518,519,PANAMÁ OESTE,ARRAIJÁN,JUAN DEMOSTENES AROSEMENA,996.0,8.0,333.0,10.0,1.0,644.0,639405.183974092,988520.559136504,4262d8bd-a7f6-4261-a814-7c524c7766bb
519,520,PANAMÁ OESTE,ARRAIJÁN,NUEVO EMPERADOR,182.0,1.0,70.0,3.0,0.0,108.0,641391.643495929,999390.880982883,e7baa5bd-3f36-4a0e-a93d-fe8bc483c010
520,521,PANAMÁ OESTE,ARRAIJÁN,SANTA CLARA,24.0,1.0,15.0,0.0,0.0,8.0,636498.358562542,1002963.70449974,86157d65-13f5-4a98-91a7-890513947e2e
521,522,PANAMÁ OESTE,ARRAIJÁN,VERACRUZ,656.0,10.0,185.0,24.0,2.0,435.0,653586.891962492,986051.586561789,c3987fe6-03ec-40df-9590-86a79cb79a9b
522,523,PANAMÁ OESTE,ARRAIJÁN,VISTA ALEGRE,1850.0,26.0,677.0,37.0,2.0,1108.0,643916.418574624,984252.563404624,f8050862-e8a6-4f03-8303-ea1ddfed64ec
523,524,PANAMÁ OESTE,CAPIRA,CAIMITO,9.0,0.0,4.0,0.0,0.0,5.0,613991.21292834,973912.1160629,f53ff67a-2ce7-4082-8dde-a88586b63d83
524,525,PANAMÁ OESTE,CAPIRA,CAMPANA,12.0,0.0,3.0,0.0,0.0,9.0,624383.543004254,961020.039746892,4a5e1eb6-4dce-4589-b785-45d6d54af4c5
525,526,PANAMÁ OESTE,CAPIRA,CAPIRA (CABECERA),105.0,5.0,48.0,2.0,1.0,49.0,627162.396838873,968949.345535441,dfd2ef0a-5e5b-45b7-ab45-78e04e8c81d6
526,527,PANAMÁ OESTE,CAPIRA,CERMEÑO,2.0,0.0,1.0,0.0,0.0,1.0,632291.446510941,964621.600484369,44403de0-69f9-41df-9e6b-a8eec37a0d10
527,528,PANAMÁ OESTE,CAPIRA,CIRI DE  LOS SOTOS,,,,,,,598665.778663587,987554.534872496,f43907eb-3c9b-4621-b6ee-4780432776cb
528,529,PANAMÁ OESTE,CAPIRA,CIRI GRANDE,2.0,0.0,1.0,0.0,0.0,1.0,600054.579266886,970231.48428455,e05b3a6c-60b6-4608-a383-6340280cd539
529,530,PANAMÁ OESTE,CAPIRA,EL CACAO,6.0,1.0,2.0,0.0,0.0,3.0,607072.969532008,966767.791994286,0f7e5b20-fa53-48ce-a595-e27e61913e99
530,531,PANAMÁ OESTE,CAPIRA,LA TRINIDAD,3.0,0.0,2.0,0.0,0.0,1.0,608472.700906336,985250.149997429,7bf49c6b-cb15-4c05-9c86-58761a040660
531,532,PANAMÁ OESTE,CAPIRA,LAS OLLAS ARRIBA,11.0,0.0,6.0,0.0,0.0,5.0,620358.031773481,972647.01690215,e68d3c37-48fc-4fe5-8243-e1ecb46e6d93
532,533,PANAMÁ OESTE,CAPIRA,LIDICE,59.0,0.0,19.0,2.0,0.0,38.0,617342.81080208,967360.965629889,3a7c17b6-c1ef-49da-a4f5-fde02746e50f
533,534,PANAMÁ OESTE,CAPIRA,SANTA ROSA,7.0,0.0,2.0,0.0,0.0,5.0,597726.964737117,979509.419226456,dcc55868-692b-4be2-96ce-e537515b8715
534,535,PANAMÁ OESTE,CAPIRA,VILLA CARMEN,10.0,0.0,5.0,0.0,0.0,5.0,624403.224696751,973403.624619194,cfd1a2dd-0b90-4a51-80cd-45492e022b40
535,536,PANAMÁ OESTE,CAPIRA,VILLA ROSARIO,46.0,2.0,15.0,0.0,0.0,29.0,625360.336207362,971989.432150565,f01db644-30ab-492c-b37a-9684c7d78378
536,537,PANAMÁ OESTE,CHAME,BEJUCO,33.0,1.0,13.0,0.0,0.0,19.0,622325.194370521,953360.864371046,3094e9e1-4ae5-48fa-8f3b-0f595550268b
537,538,PANAMÁ OESTE,CHAME,BUENOS AIRES,4.0,0.0,4.0,0.0,0.0,0.0,615443.644675476,955323.71701149,b88427e8-033f-4a30-afe6-ebb631ab7862
538,539,PANAMÁ OESTE,CHAME,CABUYA,6.0,0.0,5.0,0.0,0.0,1.0,614901.96648603,948634.067732329,91c256a5-7d79-4a02-a81d-4301aa0b633f
539,540,PANAMÁ OESTE,CHAME,CHAME (CABECERA),56.0,5.0,18.0,0.0,0.0,33.0,626423.446186671,949057.008856984,016e908a-d9d0-404f-9133-0df4e7a7c972
540,541,PANAMÁ OESTE,CHAME,CHICA,,,,,,,616374.950404992,958804.454001958,daaf9353-37a9-4063-b0e8-b7bcdabf5c1b
541,542,PANAMÁ OESTE,CHAME,EL LIBANO,,,,,,,631016.080286117,951825.522167403,68bf7a7c-e202-41d2-af68-447d68a6d2bd
542,543,PANAMÁ OESTE,CHAME,LAS LAJAS,8.0,1.0,5.0,0.0,0.0,2.0,619692.761030305,944575.341255509,0a45112a-1836-450f-8c9c-381544b2a54a
543,544,PANAMÁ OESTE,CHAME,NUEVA GORGONA,13.0,0.0,2.0,0.0,0.0,11.0,623474.645064233,946197.796297892,1302ae9f-c576-4a2d-805b-8cb69d84e171
544,545,PANAMÁ OESTE,CHAME,PUNTA CHAME,3.0,0.0,0.0,0.0,0.0,3.0,636137.176552081,951155.966447852,03fb1202-a031-4e60-871e-dee877b777bf
545,546,PANAMÁ OESTE,CHAME,SAJALICES,9.0,0.0,5.0,0.0,0.0,4.0,623596.694566331,958444.857824478,d9429b1e-0a1b-45a3-b2d0-27bd8b4febab
546,547,PANAMÁ OESTE,CHAME,SORA,7.0,0.0,6.0,1.0,0.0,0.0,608940.320792989,956831.288922032,8d65ee44-1acd-4c1d-af44-ee7359784012
547,548,PANAMÁ OESTE,LA CHORRERA,AMADOR,23.0,0.0,7.0,1.0,0.0,15.0,622259.761741135,1005673.42440189,812cdd11-a923-4c76-aac3-306f491bb335
548,549,PANAMÁ OESTE,LA CHORRERA,AROSEMENA,9.0,0.0,7.0,0.0,0.0,2.0,614633.25414928,990164.772528145,904362f0-9bef-4f6f-a4d3-c6a4de3a337c
549,550,PANAMÁ OESTE,LA CHORRERA,BARRIO BALBOA,425.0,6.0,200.0,7.0,1.0,211.0,632946.738490042,981655.08163631,e43ce72f-7efd-4a6e-99c2-1bb425a08029
550,551,PANAMÁ OESTE,LA CHORRERA,BARRIO COLÓN,659.0,15.0,297.0,13.0,1.0,333.0,635797.197416753,983385.33634096,2de4ab93-9f76-48ef-bec0-a09a1920c2ef
551,552,PANAMÁ OESTE,LA CHORRERA,EL ARADO,77.0,3.0,31.0,2.0,0.0,41.0,633964.816068281,993986.508998399,ea3d045b-b510-4737-aa45-44e112856029
552,553,PANAMÁ OESTE,LA CHORRERA,EL COCO,339.0,6.0,145.0,8.0,1.0,179.0,629346.767689552,982172.614151417,4fffc2b0-6318-48fb-90e0-bdb441de3ce9
553,554,PANAMÁ OESTE,LA CHORRERA,FEUILLET,60.0,0.0,21.0,1.0,0.0,38.0,624384.198641478,977131.497524119,3129bf39-f2f3-413e-b554-361fa680ecc3
554,555,PANAMÁ OESTE,LA CHORRERA,GUADALUPE,733.0,5.0,292.0,11.0,0.0,425.0,628934.692222263,979101.497153479,1fb8092a-d64f-4820-85d5-27299bec2a5b
555,556,PANAMÁ OESTE,LA CHORRERA,HERRERA,454.0,1.0,190.0,2.0,0.0,261.0,627454.909265981,989096.389683745,1a7f7fa4-92e0-4a52-97e2-9dabb4512d5c
556,557,PANAMÁ OESTE,LA CHORRERA,HURTADO,5.0,0.0,4.0,0.0,0.0,1.0,621949.900167145,985102.884446697,9d35e4b8-6095-49f2-98a0-6f6a6bd882b1
557,558,PANAMÁ OESTE,LA CHORRERA,ITURRALDE,7.0,0.0,5.0,0.0,0.0,2.0,617617.328611663,994974.478375061,576db35e-879b-4fe2-80d1-517166db23fd
558,559,PANAMÁ OESTE,LA CHORRERA,LA REPRESA,4.0,0.0,1.0,0.0,0.0,3.0,630288.789946196,997084.576464781,c54c0281-7292-4d81-bec6-397f1f54ca3f
559,560,PANAMÁ OESTE,LA CHORRERA,LOS DÍAZ,15.0,0.0,3.0,0.0,0.0,12.0,618491.743062966,977994.844094847,8e7ff5d8-eec0-4352-8f68-6d32d44f0bfb
560,561,PANAMÁ OESTE,LA CHORRERA,MENDOZA,31.0,0.0,10.0,1.0,0.0,20.0,625876.17941711,999678.415934393,64e79019-ddc1-475c-935f-b95838664933
561,562,PANAMÁ OESTE,LA CHORRERA,OBALDÍA,6.0,0.0,1.0,0.0,0.0,5.0,614255.279787766,982210.606909307,2a3041bd-eed2-41e6-b25c-278e9dbc6f03
562,563,PANAMÁ OESTE,LA CHORRERA,PLAYA LEONA,425.0,8.0,179.0,4.0,0.0,234.0,633136.452238857,975484.831435199,dc360d8b-3556-46ca-a5bf-daf7425cbf70
563,564,PANAMÁ OESTE,LA CHORRERA,PUERTO CAIMITO,773.0,8.0,346.0,5.0,2.0,412.0,638820.136151617,981171.238327856,dd8cd000-454d-4de3-b0a6-e660047a88ba
564,565,PANAMÁ OESTE,LA CHORRERA,SANTA RITA,19.0,0.0,9.0,1.0,0.0,9.0,620747.534300522,981314.207373936,9a9f3f36-57be-4756-a0bb-fb004c732bab
565,566,PANAMÁ OESTE,SAN CARLOS,EL ESPINO,10.0,0.0,7.0,0.0,0.0,3.0,607447.756610711,940859.711148771,1060e274-d89d-4fd5-9459-6fd38951703e
566,567,PANAMÁ OESTE,SAN CARLOS,EL HIGO,9.0,0.0,2.0,0.0,0.0,7.0,605709.676643814,936000.969890764,3d2019b7-ee15-405b-9340-6ce1cf2f01c6
567,568,PANAMÁ OESTE,SAN CARLOS,GUAYABITO,2.0,0.0,2.0,0.0,0.0,0.0,610030.853690081,944788.553688952,dd36e67d-2cf4-494c-ab66-0d2a282a8c2b
568,569,PANAMÁ OESTE,SAN CARLOS,LA ERMITA,4.0,0.0,2.0,0.0,0.0,2.0,602164.831108822,936810.101825236,810080b0-496e-47b2-b867-378e7e13f776
569,570,PANAMÁ OESTE,SAN CARLOS,LA LAGUNA,3.0,0.0,1.0,0.0,0.0,2.0,605288.150030181,951599.458034053,eb3c6b71-f5b2-4d26-ae87-68ef6eaea9d1
570,571,PANAMÁ OESTE,SAN CARLOS,LAS UVAS,,,,,,,610704.732790721,936175.155520601,facc93b1-7c71-4fb1-8b19-3bb6f5b7e67b
571,572,PANAMÁ OESTE,SAN CARLOS,LOS LLANITOS,6.0,0.0,5.0,0.0,0.0,1.0,601352.361444528,947787.523519079,44fded3b-53a8-4eec-b8c2-1ec8573c5149
572,573,PANAMÁ OESTE,SAN CARLOS,SAN CARLOS (CABECERA),27.0,2.0,19.0,0.0,0.0,6.0,614203.377858494,938863.933150328,fa868bff-79a9-4455-bf99-dd48e77f3195
573,574,PANAMÁ OESTE,SAN CARLOS,SAN JOSE,5.0,0.0,3.0,1.0,0.0,1.0,616406.834829352,943390.709513276,40e324c0-4350-45fb-9419-4d9c6fae41c1
574,575,VERAGUAS,ATALAYA,ATALAYA (CABECERA),95.0,2.0,30.0,0.0,1.0,62.0,507584.973831855,888295.299469502,fa4905f2-97ae-45f7-af0b-f97ad150b560
575,576,VERAGUAS,ATALAYA,EL BARRITO,3.0,0.0,2.0,0.0,0.0,1.0,506459.113673362,882276.401168206,cc1697f4-93c0-423a-a317-cb83f1f7da28
576,577,VERAGUAS,ATALAYA,LA CARRILLO,1.0,0.0,0.0,0.0,0.0,1.0,511231.778917287,882820.425543102,2c5e5c76-e85a-4b45-a257-78cc831ac7b1
577,578,VERAGUAS,ATALAYA,LA MONTAÑUELA,,,,,,,514510.231804607,887037.743037223,91e3f670-7a72-475e-9f2f-cc2cec6f2f27
578,579,VERAGUAS,ATALAYA,SAN ANTONIO,67.0,0.0,38.0,0.0,0.0,29.0,510691.055988073,892165.518908018,8dfda0a4-f767-4c63-99d3-af5fd543b669
579,580,VERAGUAS,CALOBRE,BARNIZAL,,,,,,,525472.292356579,929402.028206146,cc6ddcd7-159b-4d5d-aa4d-fe571c86b07b
580,581,VERAGUAS,CALOBRE,CALOBRE (CABECERA),8.0,0.0,2.0,0.0,0.0,6.0,519423.933425653,917273.900779867,e207b1ac-bd77-40bd-b569-8f9e54d29000
581,582,VERAGUAS,CALOBRE,CHITRA,,,,,,,511305.621170203,941631.140192983,5eab1f46-2c04-408f-9b07-38e3a9a77720
582,583,VERAGUAS,CALOBRE,EL COCLA,,,,,,,510864.167927308,920911.556233944,8c111ceb-3056-4180-87fc-6fe46e43b3cf
583,584,VERAGUAS,CALOBRE,EL POTRERO,1.0,0.0,1.0,0.0,0.0,0.0,521169.138411846,926848.591928825,e516c46e-52c9-4ff3-8ed9-785224a37656
584,585,VERAGUAS,CALOBRE,LA LAGUNA,,,,,,,527484.089724116,921264.797226721,e31fb1d8-aa6b-4c66-8e85-69700d7c27f8
585,586,VERAGUAS,CALOBRE,LA RAYA DE CALOBRE,,,,,,,520813.188749073,909209.155374618,c697d294-6a95-4baa-9f14-387b4a5974ac
586,587,VERAGUAS,CALOBRE,LA TETILLA,,,,,,,513739.398332778,912630.223984211,a3dd0167-881b-4d8c-9541-5a06028c1108
587,588,VERAGUAS,CALOBRE,LA YEGUADA,,,,,,,514973.347833323,934389.247066665,2951f156-a9e8-487d-9f49-7bc3e6ecf65a
588,589,VERAGUAS,CALOBRE,LAS GUIAS,,,,,,,526723.52898678,910665.319757856,71bced8f-16d4-4970-a042-d4907346555f
589,590,VERAGUAS,CALOBRE,MONJARAS,,,,,,,515691.984479301,926480.781335583,29845d7f-1123-4241-a72b-49ee73e87d61
590,591,VERAGUAS,CALOBRE,SAN JOSE,9.0,0.0,0.0,0.0,0.0,9.0,523025.747607081,935087.880505007,907b05ab-8468-457b-b988-eb45d7d6c5ae
591,592,VERAGUAS,CAÑAZAS,CAÑAZAS (CABECERA),49.0,1.0,41.0,1.0,1.0,5.0,475492.658642544,919313.425811583,439e0770-d316-46df-bb76-3e4c7f2493af
592,593,VERAGUAS,CAÑAZAS,CERRO PLATA,,,,,,,460911.219593603,915925.565631918,2636262f-ac82-470b-a0cb-3658131209a7
593,594,VERAGUAS,CAÑAZAS,EL AROMILLO,,,,,,,483476.27902561,923722.075568669,01c1904f-987f-427e-9286-12604c5f9cff
594,595,VERAGUAS,CAÑAZAS,EL PICADOR,,,,,,,467998.842510747,930986.579472547,ee112c3b-e9c4-4215-bae1-3a76fba6022a
595,596,VERAGUAS,CAÑAZAS,LAS CRUCES,,,,,,,465557.658119827,922532.201509718,0e896ec1-fe58-475f-a60b-2a2c6d58b8ad
596,597,VERAGUAS,CAÑAZAS,LOS VALLES,,,,,,,477150.329636758,931494.592706775,3caa33f5-480b-49fa-9f4c-6d36e3990c87
597,598,VERAGUAS,CAÑAZAS,SAN JOSE,11.0,0.0,11.0,0.0,0.0,0.0,453310.379151133,925150.434866001,bc6f31ea-e165-47f6-aa32-6757e71237dd
598,599,VERAGUAS,CAÑAZAS,SAN MARCELO,3.0,0.0,1.0,0.0,0.0,2.0,482906.699850219,914894.868136314,7c9a4976-f6d6-44a8-ae85-2b7fff369eb5
599,600,VERAGUAS,LA MESA,BISVALLES,,,,,,,475451.206675923,907889.469282796,6be181ae-fa39-466a-b6b1-8ff0e5ea857f
600,601,VERAGUAS,LA MESA,BORO,3.0,0.0,3.0,0.0,0.0,0.0,466189.931683724,902755.668798349,f0bb06ae-0bc0-4735-9b6c-0789e3bdc059
601,602,VERAGUAS,LA MESA,EL HIGO,2.0,0.0,2.0,0.0,0.0,0.0,461757.459664578,908784.480364945,703830d9-061c-43fb-b2d4-29fb0c4253d3
602,603,VERAGUAS,LA MESA,LA MESA (CABECERA),45.0,0.0,19.0,2.0,0.0,24.0,479319.960911627,900256.235112179,c3f34e65-b01f-48c5-b11e-15c62f4d466d
603,604,VERAGUAS,LA MESA,LLANO GRANDE,1.0,0.0,1.0,0.0,0.0,0.0,484425.216922961,894289.955192628,3fd76497-7a88-4d6c-ba55-7489a5d04dcf
604,605,VERAGUAS,LA MESA,LOS MILAGROS,5.0,0.0,3.0,0.0,0.0,2.0,487664.917507627,901898.015355772,47d297ea-ab4d-4306-8638-72109e6afea4
605,606,VERAGUAS,LA MESA,SAN BARTOLO,6.0,0.0,5.0,0.0,1.0,0.0,468824.195074807,908980.643379808,36a6f704-2170-4472-b32b-3949c7c0ecbd
606,607,VERAGUAS,LAS PALMAS,CERRO DE CASA,,,,,,,436881.890503817,897515.35225279,9d009d61-b4b5-4a48-8dca-fc9d119d3b85
607,608,VERAGUAS,LAS PALMAS,COROZAL,1.0,0.0,0.0,0.0,0.0,1.0,454032.629740882,892720.618505821,22316c9e-a573-4912-a890-8b9e56ab39b8
608,609,VERAGUAS,LAS PALMAS,EL MARÍA,,,,,,,449461.263999093,884267.917318786,d4fec261-80c1-4a7d-aea4-1f81737eb9f0
609,610,VERAGUAS,LAS PALMAS,EL PRADO,1.0,0.0,0.0,0.0,0.0,1.0,446322.580732179,909311.594375049,f5c1a723-6217-447e-911f-cf315cedf8d1
610,611,VERAGUAS,LAS PALMAS,EL RINCÓN,,,,,,,454438.795168549,908784.585005619,635529a7-555b-4ca7-9e05-43e056831ad2
611,612,VERAGUAS,LAS PALMAS,LAS PALMAS (CABECERA),11.0,0.0,2.0,1.0,0.0,8.0,449606.896832432,899159.390274559,ad7cfe99-2354-4673-89d8-d390f4ec3bbb
612,613,VERAGUAS,LAS PALMAS,LOLÁ,,,,,,,445989.448428939,894290.066887176,e60a28d4-d1d9-4b0b-bab3-4e55f251ba3e
613,614,VERAGUAS,LAS PALMAS,MANUEL E. AMADOR TERRERO,,,,,,,453398.828150993,902094.23168723,a7f3b68c-addd-4368-94d2-a58fb600b33d
614,615,VERAGUAS,LAS PALMAS,PIXVAE,7.0,0.0,7.0,0.0,0.0,0.0,436141.3598714,871265.624335312,3f795b44-dbb8-43f1-834f-394fe7812d41
615,616,VERAGUAS,LAS PALMAS,PUERTO VIDAL,,,,,,,434237.42147758,887768.760220125,83315b8c-d258-41cd-a8c4-11f085d26d8d
616,617,VERAGUAS,LAS PALMAS,SAN MARTÍN DE PORRES,8.0,1.0,7.0,0.0,0.0,0.0,440895.107145052,906338.252364407,5f1b655b-10db-4444-8ee5-99e44171cecb
617,618,VERAGUAS,LAS PALMAS,VIGUÍ,1.0,0.0,0.0,0.0,0.0,1.0,444917.99981047,921654.03194611,5ded7159-1dfd-4967-aeaf-89b46a94cb21
618,619,VERAGUAS,LAS PALMAS,ZAPOTILLO,,,,,,,441051.231322797,880833.821919078,f47a5bf5-854f-4642-ab81-6eac5ae730af
619,620,VERAGUAS,MARIATO,ARENAS,,,,,,,525111.447388123,814657.083199026,99825cf3-50de-4bb6-9876-d10c1b2801d0
620,621,VERAGUAS,MARIATO,EL CACAO,,,,,,,523876.75670505,804144.130039499,ad09d29d-f286-458a-a377-1f44649f2ce2
621,622,VERAGUAS,MARIATO,LLANO DE CATIVAL O MARIATO (CABECERA),20.0,0.0,4.0,0.0,0.0,16.0,508641.40462594,841473.451890065,d2a7c4c6-0fa1-40bb-b63e-69e9e372e053
622,623,VERAGUAS,MARIATO,QUEBRO,1.0,0.0,1.0,0.0,0.0,0.0,519261.369354023,827297.413628631,a8c1cb48-7d2e-44a9-938b-cd2cacea00bc
623,624,VERAGUAS,MARIATO,TEBARIO,5.0,0.0,2.0,0.0,0.0,3.0,503537.506564481,852888.637179973,8b5bad70-fd4f-4b7f-b509-9d4a6b92cf19
624,625,VERAGUAS,MONTIJO,CÉBACO,,,,,,,484640.921737985,834361.553810127,0f74c075-ca13-456e-b973-44305a979b6e
625,626,VERAGUAS,MONTIJO,COSTA HERMOSA,5.0,0.0,0.0,0.0,0.0,5.0,493509.264988843,877393.113172307,a230606e-3c63-4af5-b792-6a53403a1243
626,627,VERAGUAS,MONTIJO,GOBERNADORA,,,,,,,417169.012427965,825178.676630351,53e6f66a-33c4-4c18-85da-8554ad09e38a
627,628,VERAGUAS,MONTIJO,LA GARCEANA,,,,,,,496330.46153502,875941.4135505,9d4d415b-76a8-4527-92c4-fcaf847f4745
628,629,VERAGUAS,MONTIJO,LEONES,11.0,0.0,11.0,0.0,0.0,0.0,487000.660906627,856295.558025913,58998651-0d82-4d62-8074-e1cba9e01efc
629,630,VERAGUAS,MONTIJO,MONTIJO (CABECERA),30.0,0.0,14.0,0.0,0.0,16.0,494680.048986918,883443.694251442,450f9d07-04d7-45e5-8eeb-b9ecacdda36c
630,631,VERAGUAS,MONTIJO,PILÓN,18.0,2.0,11.0,1.0,0.0,4.0,489805.336904836,880148.475464382,ff376d90-4713-4438-aca2-5910f863b92d
631,632,VERAGUAS,MONTIJO,UNIÓN DEL NORTE,,,,,,,491501.296996548,886930.027963915,3c9f7178-6fdc-41e6-ba7a-444f08933e50
632,633,VERAGUAS,RÍO DE JESÚS,CATORCE DE NOVIEMBRE,,,,,,,487661.65755244,877292.777459082,14d7b98f-7cdb-4447-a952-fb97f1757d6d
633,634,VERAGUAS,RÍO DE JESÚS,LAS HUACAS,,,,,,,483096.79641756,872015.102775633,c22269d4-2cd7-4fb0-8a13-f2e9addfeb1c
634,635,VERAGUAS,RÍO DE JESÚS,LOS CASTILLOS,4.0,0.0,4.0,0.0,0.0,0.0,487466.725691248,887520.390089207,d66acb56-1851-4e0a-b70a-183346f33f7d
635,636,VERAGUAS,RÍO DE JESÚS,RÍO DE JESÚS,10.0,2.0,1.0,0.0,0.0,7.0,481833.968077183,883971.871702423,6a2da96b-4b47-40c5-90da-b5789a36f323
636,637,VERAGUAS,RÍO DE JESÚS,UTIRA,,,,,,,476217.941770358,881094.696624237,ee288ccf-76ee-40f4-8b34-e86254a9b32f
637,638,VERAGUAS,SAN FRANCISCO,CORRAL FALSO,,,,,,,512817.840216347,908119.272589649,49573b79-c9c7-4a86-bf76-bb70380d6b04
638,639,VERAGUAS,SAN FRANCISCO,LOS HATILLOS,,,,,,,503783.784559922,921563.487251496,28ca09ba-e2e1-47b6-96a7-c92cd4c65f7e
639,640,VERAGUAS,SAN FRANCISCO,REMANCE,2.0,0.0,1.0,0.0,0.0,1.0,491499.541311955,915539.360345953,ecb59b3b-4a21-4272-9315-94b07e9e8585
640,641,VERAGUAS,SAN FRANCISCO,SAN FRANCISCO (CABECERA),98.0,3.0,79.0,2.0,0.0,14.0,502827.029899624,911049.930631632,7ee7862e-e350-43e8-8421-50c9eaf27b12
641,642,VERAGUAS,SAN FRANCISCO,SAN JOSÉ,,,,,,,493549.476591006,924366.405844708,10a18ec3-4730-44e3-9540-1dcec6874dcd
642,643,VERAGUAS,SAN FRANCISCO,SAN JUAN,4.0,0.0,2.0,0.0,0.0,2.0,496269.140826019,917199.375611278,e1066bd4-2834-4217-abc8-9f18580e4ad8
643,644,VERAGUAS,SANTA FE,EL ALTO,,,,,,,496916.845169846,944614.639561521,d6a3b7d5-0686-4b5f-b5fb-9651de858bd0
644,645,VERAGUAS,SANTA FE,EL CUAY,,,,,,,487954.287491242,933160.033132163,7bb7db23-137b-4feb-8163-b1f8a36be18b
645,646,VERAGUAS,SANTA FE,EL PANTANO,,,,,,,492023.766733348,947713.105937903,a7306c49-ee68-4a06-a1b0-6bacc7a8f84d
646,647,VERAGUAS,SANTA FE,GATÚ O GATUCITO,2.0,0.0,2.0,0.0,0.0,0.0,504513.302847312,944469.996026496,6bf1c902-44b9-452a-95f3-309a73c9ee19
647,648,VERAGUAS,SANTA FE,RÍO LUIS,1.0,1.0,0.0,0.0,0.0,0.0,483611.701163773,956133.057575697,c7c124ef-c7c0-45b9-be4d-7b002998dbf8
648,649,VERAGUAS,SANTA FE,RUBÉN CANTÚ,1.0,0.0,1.0,0.0,0.0,0.0,502465.011385864,934236.691872517,06d47152-f71e-4ac7-a4f3-b50250e5581b
649,650,VERAGUAS,SANTA FE,SANTA CATALINA O CALOVÉBORA,,,,,,,507075.976251955,963362.75854616,48454d5f-593f-43b1-ac70-a7e8bc9064d2
650,651,VERAGUAS,SANTA FE,SANTA FE (CABECERA),11.0,0.0,5.0,0.0,1.0,5.0,490561.392562925,939037.376597452,181d1640-a941-4dec-96ba-ce507d3ecf95
651,652,VERAGUAS,SANTIAGO,CANTO DEL LLANO,148.0,1.0,60.0,0.0,0.0,87.0,504982.846095509,903691.164520958,5364b2d3-6ba9-445f-b8e4-b7ab3898629e
652,653,VERAGUAS,SANTIAGO,CARLOS SANTANA ÁVILA,36.0,1.0,23.0,1.0,1.0,10.0,517832.948210372,895482.198389362,821ac7d3-c8cb-4e8d-97cd-8f2b91eb9ecb
653,654,VERAGUAS,SANTIAGO,EDWIN FÁBREGA,29.0,0.0,16.0,0.0,0.0,13.0,498121.871415013,890032.483124105,625ba321-ea72-4006-bbc9-d68c15beacb7
654,655,VERAGUAS,SANTIAGO,LA COLORADA,23.0,0.0,13.0,0.0,0.0,10.0,501236.148613912,883427.474571863,170015e1-13ea-41c3-8d83-c193b4008958
655,656,VERAGUAS,SANTIAGO,LA PEÑA,50.0,0.0,20.0,0.0,1.0,29.0,492955.639022185,905230.909663259,3b18920d-3e0b-4ba7-9ee1-834cd96e1974
656,657,VERAGUAS,SANTIAGO,LA RAYA DE SANTA MARTA,8.0,0.0,7.0,0.0,0.0,1.0,520832.855578942,900876.126389711,97572438-e3bb-4139-9aa3-35b6bd773342
657,658,VERAGUAS,SANTIAGO,LOS ALGARROBOS,70.0,0.0,33.0,1.0,0.0,36.0,494406.174647601,894299.26393834,69683959-225e-4b0f-b3ed-5b5d2fe2ef8f
658,659,VERAGUAS,SANTIAGO,NUEVO SANTIAGO,91.0,1.0,45.0,0.0,2.0,43.0,507526.139954106,895665.070570816,6c84dd98-1383-4c44-bcd7-318425215591
659,660,VERAGUAS,SANTIAGO,PONUGA,22.0,0.0,9.0,0.0,0.0,13.0,500778.423400383,872859.911338957,35d77f18-7e3a-48c8-8a45-599a7df3eb70
660,661,VERAGUAS,SANTIAGO,RODRIGO LUQUE,124.0,0.0,40.0,0.0,0.0,84.0,500893.47041904,900228.125731396,12d938b7-784d-426a-99a0-e550b9586daa
661,662,VERAGUAS,SANTIAGO,SAN MARTÍN,197.0,3.0,64.0,5.0,2.0,123.0,505164.196899696,896983.222361118,1012049d-27d9-4880-9afb-f89a56f34aa8
662,663,VERAGUAS,SANTIAGO,SAN PEDRO DEL ESPINO,18.0,0.0,6.0,0.0,0.0,12.0,491429.888334253,899460.996595535,2fe21932-a1c1-456d-a9c2-687279f22651
663,664,VERAGUAS,SANTIAGO,SANTIAGO (CABECERA),672.0,6.0,137.0,6.0,2.0,521.0,502881.458561601,893381.738293643,d36ca124-5695-457b-921c-2293b54fd7b1
664,665,VERAGUAS,SANTIAGO,SANTIAGO ESTE,7.0,0.0,7.0,0.0,0.0,0.0,528657.225810276,901943.042548837,648f315e-dc38-4b49-93f2-384c2b0bdf26
665,666,VERAGUAS,SANTIAGO,SANTIAGO SUR,,,,,,,498328.580341157,861537.073119754,d71bb504-d0c3-4787-95d3-4cd1c1147059
666,667,VERAGUAS,SANTIAGO,URRACÁ,2.0,0.0,0.0,0.0,0.0,2.0,511198.905957317,901445.963470404,7cf31a94-3e62-4875-a3c7-fd867da4b8b3
667,668,VERAGUAS,SONÁ,BAHÍA HONDA,34.0,1.0,32.0,0.0,0.0,1.0,445120.242554843,859112.052357994,3b768c8b-6f93-424c-9b94-145aa5b0fac0
668,669,VERAGUAS,SONÁ,CALIDONIA,1.0,0.0,1.0,0.0,0.0,0.0,451862.470324025,874564.298622385,b63ff77a-4c4b-4a2b-82f2-a9fc5c29b00c
669,670,VERAGUAS,SONÁ,CATIVÉ,,,,,,,455645.573314399,868081.062389627,1e2ffe50-0ab8-4884-9823-5c9373c22e40
670,671,VERAGUAS,SONÁ,EL MARAÑÓN,3.0,0.0,0.0,1.0,0.0,2.0,471982.362911192,886143.855892059,2ad699e4-19b3-4041-89a1-beea92095b6f
671,672,VERAGUAS,SONÁ,GUARUMAL,2.0,0.0,1.0,0.0,0.0,1.0,475116.545829877,864739.905437491,a81fd581-4430-4f3e-adf9-d4cb56bd2a20
672,673,VERAGUAS,SONÁ,HICACO,1.0,0.0,0.0,1.0,0.0,0.0,473038.84672597,848099.881073146,af9f5bc7-dc17-4208-83a8-93c754c0eb02
673,674,VERAGUAS,SONÁ,LA SOLEDAD,6.0,0.0,1.0,0.0,0.0,5.0,467697.218150031,872768.064347896,5fddd802-e002-4b83-86a8-d841b324e294
674,675,VERAGUAS,SONÁ,LA TRINCHERA,3.0,0.0,0.0,0.0,0.0,3.0,465109.679170953,860405.074830531,24b64dc3-d9cd-49e9-a436-75a8e784fcba
675,676,VERAGUAS,SONÁ,QUEBRADA DE ORO,,,,,,,459206.145996388,888140.508840578,6facfee6-4394-4750-9b21-30f4b8055048
676,677,VERAGUAS,SONÁ,RÍO GRANDE,5.0,0.0,4.0,0.0,0.0,1.0,461779.093586163,852480.954422754,1a324c4f-587b-435f-a73e-8aaa98f0f864
677,678,VERAGUAS,SONÁ,RODEO VIEJO,2.0,0.0,0.0,0.0,0.0,2.0,464968.959922107,894369.252909634,8a7c80d3-7e39-4468-88cb-2766f31611a6
678,679,VERAGUAS,SONÁ,SONÁ (CABECERA),96.0,1.0,36.0,7.0,0.0,52.0,463899.18232972,881435.229890648,a34c7b7c-08c7-4c5c-a6c3-226e99b32df2
